{"stats":{"minecraft:mined":{"exdeorum:infested_leaves":308,"minecraft:cobblestone":55,"minecraft:oak_log":86,"minecraft:gravel":1,"minecraft:sand":1,"exdeorum:oak_sieve":9,"allthecompressed:cobblestone_1x":4,"minecraft:oak_leaves":240},"minecraft:used":{"exdeorum:oak_sieve":18,"minecraft:chest":4,"exdeorum:crook":494,"allthecompressed:cobblestone_1x":4,"minecraft:torch":1,"elevatorid:elevator_white":3,"minecraft:sand":15,"minecraft:dirt":6,"minecraft:crafting_table":2,"allthemodium:alloy_sword":30,"chipped:calcite_bricks":224,"exdeorum:silk_worm":5,"exdeorum:dust":16,"exdeorum:oak_barrel":3,"minecraft:grass_block":3656,"constructionwand:infinity_wand":89,"connectedglass:borderless_glass":1135,"minecraft:gravel":169,"minecraft:stone_axe":142,"torchmaster:feral_flare_lantern":18,"minecraft:cobblestone":55,"exdeorum:stone_hammer":56,"minecraft:furnace":1,"minecraft:oak_sapling":27,"minecraft:bucket":1,"minecraft:ice":1,"exdeorum:compressed_stone_hammer":4,"minecraft:egg":1,"torchmaster:megatorch":1,"minecraft:cooked_beef":2,"cookingforblockheads:sink":1},"minecraft:killed":{"minecraft:spider":7,"minecraft:bat":14,"minecraft:creeper":2,"minecraft:skeleton":5},"minecraft:picked_up":{"exdeorum:gold_ore_chunk":5,"exdeorum:osmium_ore_chunk":7,"exdeorum:random_pottery_sherd":1,"exdeorum:basalt_pebble":77,"exdeorum:dust":1,"minecraft:chicken":1,"minecraft:leather":2,"minecraft:lead":1,"minecraft:flint":36,"exdeorum:iron_ore_chunk":17,"minecraft:oak_log":144,"minecraft:shield":1,"minecraft:gunpowder":5,"minecraft:lapis_lazuli":5,"exdeorum:blackstone_pebble":79,"exdeorum:nickel_ore_chunk":8,"minecraft:string":137,"minecraft:dirt":15,"exdeorum:string_mesh":9,"exdeorum:granite_pebble":91,"minecraft:bone":3,"minecraft:apple":5,"mysticalagriculture:inferium_essence":3,"exdeorum:stone_pebble":489,"exdeorum:oak_sieve":9,"exdeorum:zinc_ore_chunk":5,"minecraft:iron_nugget":2,"minecraft:glowstone_dust":1,"minecraft:iron_boots":1,"minecraft:egg":1,"minecraft:stick":28,"forbidden_arcanus:bat_wing":3,"exdeorum:deepslate_pebble":80,"exdeorum:lead_ore_chunk":6,"xycraft_world:xychorium_gem_red":2,"minecraft:gravel":92,"minecraft:amethyst_shard":4,"minecraft:pointed_dripstone":9,"tombstone:grave_dust":1,"exdeorum:silver_ore_chunk":7,"minecraft:spider_eye":1,"exdeorum:silk_worm":6,"minecraft:bundle":1,"minecraft:arrow":5,"minecraft:clay":12,"minecraft:rotten_flesh":1,"exdeorum:aluminum_ore_chunk":8,"ae2:certus_quartz_dust":1,"exdeorum:diorite_pebble":84,"minecraft:iron_helmet":1,"exdeorum:tin_ore_chunk":15,"minecraft:bone_meal":2,"exdeorum:andesite_pebble":75,"exdeorum:copper_ore_chunk":12,"forcecraft:claw":2,"minecraft:oak_sapling":60,"minecraft:coal":14},"minecraft:broken":{"exdeorum:crook":3},"minecraft:crafted":{"minecraft:oak_slab":12,"minecraft:oak_planks":40,"exdeorum:oak_barrel":4,"minecraft:crafting_table":5,"minecraft:gravel":1,"minecraft:cobbled_deepslate":20,"minecraft:sand":1,"minecraft:furnace":1,"minecraft:bucket":1,"exdeorum:compressed_stone_hammer":1,"allthecompressed:cobblestone_1x":4,"minecraft:stone_axe":2,"minecraft:diorite":20,"connectedglass:borderless_glass":19,"minecraft:air":544,"exdeorum:crook":4,"minecraft:granite":22,"minecraft:basalt":18,"minecraft:cobblestone":121,"exdeorum:flint_mesh":9,"exdeorum:string_mesh":9,"minecraft:stick":7,"minecraft:iron_ingot":4,"minecraft:blackstone":19,"minecraft:iron_ore":4,"minecraft:chest":4,"exdeorum:oak_sieve":9,"minecraft:andesite":18,"exdeorum:stone_hammer":10},"minecraft:custom":{"minecraft:interact_with_furnace":7,"minecraft:mob_kills":28,"minecraft:interact_with_crafting_table":33,"minecraft:open_barrel":1,"minecraft:damage_dealt_resisted":450,"minecraft:leave_game":2,"minecraft:time_since_death":90307,"minecraft:sleep_in_bed":1,"minecraft:climb_one_cm":641,"minecraft:time_since_rest":83527,"minecraft:damage_taken":10,"minecraft:sprint_one_cm":35914,"minecraft:walk_one_cm":112334,"minecraft:use_wand":4861,"minecraft:damage_dealt":3601,"minecraft:talked_to_villager":1,"minecraft:fly_one_cm":111177,"minecraft:open_chest":36,"minecraft:crouch_one_cm":3103,"tombstone:undead_killed":5,"minecraft:play_time":90307,"minecraft:sneak_time":5424,"minecraft:jump":68,"minecraft:walk_on_water_one_cm":724,"minecraft:total_world_time":90307,"minecraft:fall_one_cm":335}},"DataVersion":3465}