{"stats":{"minecraft:killed":{"minecraft:spider":7,"minecraft:skeleton":5,"minecraft:creeper":2,"minecraft:sheep":2,"minecraft:trader_llama":3,"minecraft:bat":14,"minecraft:wandering_trader":2},"minecraft:dropped":{"exdeorum:copper_ore_chunk":105,"minecraft:emerald":64,"exdeorum:gold_ore_chunk":20,"exdeorum:lead_ore_chunk":128,"immersiveengineering:seed":2,"ironfurnaces:upgrade_iron":1,"exdeorum:iron_ore_chunk":64,"exdeorum:osmium_ore_chunk":64,"minecraft:coal":4,"minecraft:redstone":1,"minecraft:diamond_pickaxe":1,"exdeorum:aluminum_ore_chunk":64},"minecraft:mined":{"minecraft:oak_sapling":1,"minecraft:granite":2,"minecraft:grass_block":9,"integrateddynamics:squeezer":2,"minecraft:oxeye_daisy":4,"minecraft:spawner":16,"cobblefordays:tier_1":1,"minecraft:fire":17,"glassential:glass_ethereal":2,"pipez:fluid_pipe":2,"exmachinis:flux_compactor":1,"exdeorum:oak_sieve":9,"minecraft:blackstone":10,"exmachinis:flux_hammer":3,"minecraft:clay":7,"minecraft:cobblestone":3297,"ironfurnaces:emerald_furnace":1,"minecraft:sugar_cane":13,"minecraft:wall_torch":1,"exdeorum:stone_barrel":2,"mekanism:advanced_fluid_tank":1,"minecraft:grass":1,"minecraft:oak_log":130,"exdeorum:oak_barrel":2,"minecraft:sand":497,"minecraft:dirt":2,"allthecompressed:cobblestone_1x":4,"minecraft:oak_leaves":325,"mcwtrpdoors:metal_trapdoor":3,"connectedglass:clear_glass":1,"minecraft:redstone_wire":1,"minecraft:furnace":1,"mekanism:superheating_element":2,"functionalstorage:fluid_1":2,"minecraft:redstone_wall_torch":1,"exdeorum:infested_leaves":308,"minecraft:dandelion":1,"exmachinis:flux_sieve":1,"cobblefordays:tier_5":1,"minecraft:cactus":1,"cookingforblockheads:sink":1,"minecraft:bee_nest":1,"minecraft:gravel":567,"projecte:relay_mk1":1},"minecraft:used":{"functionalstorage:linking_tool":296,"rftoolspower:coalgenerator":1,"minecraft:chest":11,"forbidden_arcanus:quantum_catcher":4,"minecraft:iron_sword":2,"allthecompressed:cobblestone_1x":4,"functionalstorage:controller_extension":1,"pickletweaks:emerald_pickaxe":1,"functionalstorage:oak_2":2,"exdeorum:netherite_hammer":4238,"minecraft:obsidian":18,"sophisticatedstorage:netherite_chest":24,"functionalstorage:fluid_1":4,"mekanism:basic_energy_cube":1,"integrateddynamics:squeezer":2,"mekanism:advanced_fluid_tank":2,"create:train_trapdoor":1,"minecraft:lava_bucket":27,"sophisticatedstorage:limited_netherite_barrel_4":1,"minecraft:grass_block":3808,"constructionwand:infinity_wand":201,"mekanism:basic_tier_installer":1,"ironfurnaces:iron_furnace":1,"minecraft:oak_sapling":38,"minecraft:furnace":2,"pipez:item_pipe":101,"minecraft:egg":1,"sophisticatedstorage:netherite_barrel":31,"glassential:glass_ethereal":4,"mcwtrpdoors:oak_glass_trapdoor":4,"mcwtrpdoors:metal_trapdoor":63,"framedblocks:framed_elevated_double_slope_edge":1,"minecraft:blackstone":11,"minecraft:cactus":1,"minecraft:clay":7,"minecraft:sugar_cane":5,"elevatorid:elevator_white":3,"rftoolsutility:crafter3":3,"trashcans:ultimate_trash_can":2,"minecraft:sand":520,"minecraft:blast_furnace":1,"minecraft:blue_ice":19,"chipped:calcite_bricks":224,"functionalstorage:storage_controller":11,"minecraft:redstone_torch":1,"mekanism:superheating_element":4,"exdeorum:oak_barrel":4,"mekanism:metallurgic_infuser":1,"supplementaries:flag_magenta":3,"minecraft:gravel":3420,"exmachinis:flux_hammer":24,"functionalstorage:oak_1":123,"sophisticatedstorage:diamond_barrel":2,"exdeorum:compressed_stone_hammer":4,"minecraft:ice":1,"exmachinis:flux_sieve":15,"cookingforblockheads:sink":3,"minecraft:flint_and_steel":1,"minecraft:redstone":1,"projecte:relay_mk1":2,"exdeorum:crook":494,"thermal:device_rock_gen":19,"functionalstorage:configuration_tool":7,"minecraft:netherrack":8,"minecraft:bee_spawn_egg":3,"minecraft:torch":1,"exdeorum:witch_water_bucket":8,"minecraft:dirt":44,"minecraft:anvil":4,"exmachinis:flux_compactor":10,"minecraft:ancient_debris":1,"cobblefordays:tier_2":2,"minecraft:bee_nest":1,"exdeorum:silk_worm":5,"minecraft:granite":5,"cobblefordays:tier_5":10,"minecraft:spawner":11,"minecraft:chicken_spawn_egg":2,"connectedglass:borderless_glass":1135,"minecraft:blaze_spawn_egg":2,"exdeorum:porcelain_crucible":2,"cobblefordays:tier_1":1,"torchmaster:feral_flare_lantern":18,"exdeorum:stone_hammer":129,"torchmaster:megatorch":1,"minecraft:cooked_beef":15,"exdeorum:oak_sieve":18,"pipez:fluid_pipe":5,"functionalstorage:ender_drawer":1,"minecraft:water_bucket":3,"mekanism:ultimate_universal_cable":22,"framedblocks:framed_cube":1,"create:framed_glass_trapdoor":2,"connectedglass:clear_glass":89,"minecraft:crafting_table":5,"mekanism:basic_enriching_factory":1,"allthemodium:alloy_sword":30,"minecraft:campfire":6,"mekanism:creative_energy_cube":12,"exdeorum:stone_barrel":3,"exdeorum:dust":520,"minecraft:diamond_pickaxe":76,"minecraft:oxeye_daisy":4,"minecraft:diamond_shovel":114,"allthemodium:unobtainium_sword":4,"minecraft:stone_axe":158,"minecraft:cobblestone":3297,"ironfurnaces:emerald_furnace":1,"functionalstorage:framed_1":1,"minecraft:bucket":5,"pipez:energy_pipe":5,"minecraft:dandelion":10},"minecraft:crafted":{"pipez:wrench":1,"minecraft:smooth_stone":0,"minecraft:oak_planks":84,"immersiveengineering:hammer":1,"minecraft:barrel":1,"pipez:universal_pipe":6,"alltheores:constantan_ingot":32,"connectedglass:clear_glass":32,"forbidden_arcanus:artisan_relic":2,"alltheores:copper_dust":16,"pipez:item_pipe":1,"minecraft:sand":2,"ironfurnaces:iron_furnace":1,"croptopia:toast":0,"minecraft:stone":0,"projecte:high_covalence_dust":40,"exdeorum:unfired_porcelain_crucible":2,"minecraft:diamond_shovel":1,"projecte:repair_talisman":1,"pipez:fluid_pipe":16,"connectedglass:borderless_glass":51,"minecraft:granite":22,"alltheores:osmium_ore":64,"minecraft:iron_bars":16,"mekanism:basic_enriching_factory":1,"mekanism:basic_tier_installer":1,"minecraft:glass":18,"minecraft:hopper":2,"minecraft:repeater":1,"alltheores:nickel_ore":32,"minecraft:comparator":1,"minecraft:chest":14,"minecraft:copper_block":2,"mekanism:basic_fluid_tank":1,"minecraft:stone_hoe":1,"alltheores:steel_dust":16,"exdeorum:stone_hammer":10,"exdeorum:porcelain_crucible":2,"mekanism:energy_tablet":2,"cobblefordays:tier_2":3,"integrateddynamics:squeezer":1,"minecraft:dropper":2,"rftoolspower:coalgenerator":1,"minecraft:oak_slab":13,"minecraft:emerald":1,"exdeorum:oak_barrel":4,"minecraft:crafting_table":5,"minecraft:gold_ore":79,"minecraft:gravel":2,"ironfurnaces:augment_blasting":1,"minecraft:copper_ingot":0,"minecraft:gold_block":2,"minecraft:diorite":20,"cobblefordays:tier_1":2,"exdeorum:oak_crucible":1,"thermal:redstone_servo":6,"minecraft:charcoal":0,"minecraft:paper":2,"minecraft:diamond_pickaxe":1,"mekanism:steel_casing":4,"exdeorum:flint_mesh":9,"minecraft:stick":18,"minecraft:stone_slab":6,"minecraft:iron_ingot":57,"projecte:medium_covalence_dust":40,"minecraft:iron_block":5,"minecraft:iron_ore":220,"minecraft:gold_ingot":55,"exdeorum:oak_sieve":10,"mekanism:advanced_fluid_tank":1,"minecraft:redstone_torch":3,"minecraft:fire_charge":3,"alltheores:constantan_gear":8,"minecraft:shears":1,"mekanism:advanced_universal_cable":11,"exmachinis:flux_sieve":1,"mekanism:basic_universal_cable":32,"minecraft:coal":1,"rftoolsbase:machine_frame":1,"minecraft:iron_nugget":9,"ironfurnaces:augment_generator":1,"minecraft:cobbled_deepslate":20,"minecraft:furnace":6,"minecraft:piston":6,"minecraft:blast_furnace":2,"exdeorum:diamond_mesh":3,"minecraft:bone_meal":6,"allthecompressed:cobblestone_1x":4,"minecraft:flint_and_steel":1,"minecraft:diamond_block":1,"minecraft:glass_pane":16,"alltheores:copper_ore_hammer":1,"minecraft:basalt":18,"exdeorum:string_mesh":9,"projecte:relay_mk1":1,"minecraft:slime_ball":13,"alltheores:constantan_dust":16,"alltheores:steel_ingot":0,"minecraft:redstone_block":3,"exdeorum:iron_mesh":1,"functionalstorage:oak_1":1,"dankstorage:dank_1":2,"alltheores:nickel_dust":32,"connectedglass:scratched_glass":16,"minecraft:coal_block":1,"pickletweaks:emerald_pickaxe":1,"exdeorum:golden_mesh":3,"exdeorum:stone_barrel":1,"alltheores:osmium_ingot":2,"exdeorum:diamond_hammer":1,"mekanism:metallurgic_infuser":1,"pickletweaks:flint_shears":1,"pipez:energy_pipe":16,"alltheores:invar_ingot":9,"mekanism:superheating_element":2,"minecraft:bucket":5,"minecraft:copper_ore":65,"exdeorum:compressed_stone_hammer":1,"minecraft:stone_axe":2,"projecte:low_covalence_dust":40,"minecraft:bread":11,"minecraft:air":1971,"cobblefordays:tier_3":3,"cobblefordays:tier_5":3,"exdeorum:crook":4,"minecraft:blue_dye":2,"ironfurnaces:upgrade_gold":2,"exdeorum:porcelain_clay_ball":20,"minecraft:white_wool":5,"mekanism:basic_energy_cube":1,"minecraft:oxeye_daisy":8,"minecraft:cobblestone":137,"minecraft:gold_nugget":9,"mekanism:enrichment_chamber":1,"projecte:iron_band":1,"minecraft:blackstone":19,"alltheores:iron_dust":16,"ironfurnaces:upgrade_emerald":2,"exmachinis:flux_hammer":1,"minecraft:andesite":18,"thermal:device_rock_gen":6,"ironfurnaces:upgrade_diamond":2,"cobblefordays:tier_4":3},"minecraft:picked_up":{"exmachinis:netherite_upgrade":2,"minecraft:wheat":33,"exdeorum:dust":495,"minecraft:lead":4,"minecraft:enchanted_book":3,"exdeorum:iron_ore_chunk":1095,"minecraft:string":137,"alltheores:silver_ore":126,"mysticalagriculture:inferium_essence":4,"cobblefordays:tier_1":1,"minecraft:bucket":1,"xycraft_world:xychorium_gem_green":103,"minecraft:furnace":1,"minecraft:iron_boots":1,"minecraft:stick":58,"minecraft:torch":1,"mekanism:advanced_fluid_tank":1,"minecraft:pointed_dripstone":34,"tombstone:grave_dust":1,"functionalstorage:fluid_1":2,"minecraft:cactus":8,"minecraft:rotten_flesh":1,"exdeorum:tin_ore_chunk":1008,"mcwtrpdoors:metal_trapdoor":2,"minecraft:obsidian":1,"minecraft:blaze_powder":111,"minecraft:cobblestone":1142,"exdeorum:osmium_ore_chunk":731,"exdeorum:stone_barrel":2,"exdeorum:basalt_pebble":88,"minecraft:cooked_beef":190,"minecraft:brown_wool":1,"enderio:grains_of_infinity":328,"minecraft:flint":528,"pipez:ultimate_upgrade":37,"exdeorum:nickel_ore_chunk":723,"minecraft:lapis_lazuli":768,"minecraft:dirt":25,"minecraft:glass":44,"minecraft:bone":3,"pipez:fluid_pipe":2,"minecraft:wheat_seeds":56,"alltheores:tin_ore":48,"minecraft:glowstone_dust":447,"alltheores:nickel_ore":32,"exmachinis:diamond_upgrade":2,"exdeorum:crushed_blackstone":9,"xycraft_world:xychorium_gem_red":94,"exdeorum:flint_mesh":9,"minecraft:sand":567,"integrateddynamics:squeezer":2,"xycraft_world:xychorium_gem_dark":290,"alltheores:osmium_ore":49,"minecraft:bundle":1,"xycraft_world:xychorium_gem_light":229,"exdeorum:diamond_mesh":11,"minecraft:clay":12,"minecraft:diamond":300,"minecraft:slime_block":5,"minecraft:granite":2,"exdeorum:copper_ore_chunk":709,"minecraft:bone_meal":295,"minecraft:emerald":272,"mekanism:superheating_element":2,"minecraft:oak_sapling":89,"minecraft:oak_leaves":85,"minecraft:diamond_pickaxe":1,"exdeorum:gold_ore_chunk":657,"glassential:glass_ethereal":2,"minecraft:bee_nest":1,"minecraft:chicken":1,"minecraft:clay_ball":28,"exdeorum:oak_barrel":2,"minecraft:shield":1,"projecte:relay_mk1":1,"exdeorum:blackstone_pebble":83,"exdeorum:string_mesh":9,"exdeorum:granite_pebble":99,"pipez:advanced_upgrade":1,"minecraft:blackstone":46,"exdeorum:iron_mesh":38,"exdeorum:zinc_ore_chunk":580,"minecraft:iron_nugget":66,"alltheores:aluminum_ore":32,"minecraft:sugar_cane":19,"minecraft:copper_ore":160,"minecraft:egg":1,"forbidden_arcanus:bat_wing":3,"minecraft:stone":6,"minecraft:redstone":309,"exdeorum:silk_worm":6,"minecraft:arrow":5,"xycraft_world:xychorium_gem_blue":354,"ae2:certus_quartz_dust":242,"exdeorum:diorite_pebble":92,"alltheores:lead_ore":48,"exdeorum:andesite_pebble":80,"forcecraft:claw":2,"minecraft:mutton":4,"minecraft:white_wool":1,"minecraft:oxeye_daisy":4,"exdeorum:random_pottery_sherd":1,"minecraft:leather":6,"forcecraft:force_gem":605,"minecraft:oak_log":189,"minecraft:gunpowder":316,"ironfurnaces:upgrade_iron":1,"minecraft:spawner":8,"mekanism:salt":420,"ae2:sky_dust":239,"minecraft:apple":8,"exdeorum:oak_sieve":9,"exdeorum:stone_pebble":554,"minecraft:iron_ore":130,"exdeorum:deepslate_pebble":90,"exdeorum:lead_ore_chunk":972,"minecraft:dandelion":1,"minecraft:gravel":3445,"minecraft:lava_bucket":2,"minecraft:amethyst_shard":399,"minecraft:gold_ore":32,"exdeorum:silver_ore_chunk":602,"minecraft:spider_eye":1,"forbidden_arcanus:arcane_crystal":105,"cookingforblockheads:sink":1,"immersiveengineering:seed":2,"exdeorum:aluminum_ore_chunk":764,"minecraft:iron_helmet":1,"ironfurnaces:emerald_furnace":1,"minecraft:coal":633},"minecraft:broken":{"exdeorum:crook":3},"minecraft:custom":{"minecraft:interact_with_crafting_table":174,"minecraft:open_barrel":157,"minecraft:leave_game":9,"minecraft:time_since_death":569607,"minecraft:sprint_one_cm":236393,"minecraft:drop":18,"minecraft:talked_to_villager":8,"minecraft:play_time":569607,"minecraft:jump":736,"minecraft:walk_on_water_one_cm":3188,"minecraft:interact_with_furnace":189,"minecraft:traded_with_villager":10,"minecraft:sleep_in_bed":3,"minecraft:damage_dealt":4953,"minecraft:crouch_one_cm":13022,"tombstone:undead_killed":5,"tombstone:villager_killed":2,"minecraft:interact_with_anvil":13,"minecraft:mob_kills":35,"minecraft:damage_dealt_resisted":450,"minecraft:climb_one_cm":641,"minecraft:walk_one_cm":762796,"minecraft:sneak_time":14739,"minecraft:interact_with_blast_furnace":14,"minecraft:total_world_time":569607,"minecraft:time_since_rest":262949,"minecraft:damage_taken":510,"minecraft:use_wand":9056,"minecraft:fly_one_cm":313332,"minecraft:open_chest":438,"minecraft:fall_one_cm":1407}},"DataVersion":3465}