{"stats":{"minecraft:mined":{"exdeorum:infested_leaves":308,"minecraft:cobblestone":39,"minecraft:oak_log":86,"exdeorum:oak_sieve":9,"allthecompressed:cobblestone_1x":1,"minecraft:oak_leaves":240},"minecraft:used":{"exdeorum:oak_sieve":18,"minecraft:chest":4,"exdeorum:crook":494,"allthecompressed:cobblestone_1x":1,"minecraft:torch":1,"elevatorid:elevator_white":3,"minecraft:dirt":6,"minecraft:crafting_table":2,"allthemodium:alloy_sword":30,"chipped:calcite_bricks":224,"exdeorum:silk_worm":5,"exdeorum:oak_barrel":3,"minecraft:grass_block":3656,"constructionwand:infinity_wand":86,"connectedglass:borderless_glass":1135,"minecraft:gravel":61,"minecraft:stone_axe":142,"torchmaster:feral_flare_lantern":18,"minecraft:cobblestone":39,"exdeorum:stone_hammer":39,"minecraft:furnace":1,"minecraft:oak_sapling":27,"minecraft:ice":1,"exdeorum:compressed_stone_hammer":1,"minecraft:egg":1,"torchmaster:megatorch":1,"minecraft:cooked_beef":2,"cookingforblockheads:sink":1},"minecraft:killed":{"minecraft:spider":7,"minecraft:bat":14,"minecraft:creeper":2,"minecraft:skeleton":5},"minecraft:picked_up":{"exdeorum:gold_ore_chunk":2,"exdeorum:osmium_ore_chunk":1,"exdeorum:basalt_pebble":47,"minecraft:chicken":1,"minecraft:leather":2,"minecraft:lead":1,"minecraft:flint":5,"exdeorum:iron_ore_chunk":4,"minecraft:oak_log":144,"minecraft:shield":1,"minecraft:gunpowder":5,"minecraft:lapis_lazuli":1,"exdeorum:blackstone_pebble":58,"exdeorum:nickel_ore_chunk":3,"minecraft:string":137,"minecraft:dirt":15,"exdeorum:string_mesh":1,"exdeorum:granite_pebble":63,"minecraft:bone":3,"minecraft:apple":5,"mysticalagriculture:inferium_essence":3,"exdeorum:stone_pebble":315,"exdeorum:oak_sieve":9,"minecraft:iron_boots":1,"minecraft:egg":1,"minecraft:stick":28,"forbidden_arcanus:bat_wing":3,"exdeorum:deepslate_pebble":46,"exdeorum:lead_ore_chunk":2,"minecraft:gravel":48,"tombstone:grave_dust":1,"minecraft:spider_eye":1,"exdeorum:silk_worm":6,"minecraft:bundle":1,"minecraft:arrow":5,"minecraft:rotten_flesh":1,"exdeorum:aluminum_ore_chunk":2,"exdeorum:diorite_pebble":58,"minecraft:iron_helmet":1,"exdeorum:tin_ore_chunk":3,"exdeorum:andesite_pebble":43,"exdeorum:copper_ore_chunk":3,"forcecraft:claw":2,"minecraft:oak_sapling":60,"minecraft:coal":4},"minecraft:broken":{"exdeorum:crook":3},"minecraft:crafted":{"minecraft:oak_slab":12,"minecraft:oak_planks":40,"exdeorum:oak_barrel":4,"minecraft:crafting_table":5,"minecraft:gravel":1,"minecraft:cobbled_deepslate":5,"minecraft:furnace":1,"exdeorum:compressed_stone_hammer":1,"allthecompressed:cobblestone_1x":1,"minecraft:stone_axe":2,"minecraft:diorite":7,"connectedglass:borderless_glass":19,"minecraft:air":401,"exdeorum:crook":4,"minecraft:granite":6,"minecraft:basalt":6,"minecraft:cobblestone":78,"exdeorum:flint_mesh":1,"exdeorum:string_mesh":9,"minecraft:stick":7,"minecraft:blackstone":9,"minecraft:iron_ore":1,"minecraft:chest":4,"exdeorum:oak_sieve":9,"minecraft:andesite":6,"exdeorum:stone_hammer":10},"minecraft:custom":{"minecraft:interact_with_furnace":2,"minecraft:mob_kills":28,"minecraft:interact_with_crafting_table":24,"minecraft:open_barrel":1,"minecraft:damage_dealt_resisted":450,"minecraft:leave_game":2,"minecraft:time_since_death":78307,"minecraft:sleep_in_bed":1,"minecraft:climb_one_cm":641,"minecraft:time_since_rest":71527,"minecraft:damage_taken":10,"minecraft:sprint_one_cm":33849,"minecraft:walk_one_cm":98079,"minecraft:use_wand":4851,"minecraft:damage_dealt":3601,"minecraft:talked_to_villager":1,"minecraft:fly_one_cm":110004,"minecraft:open_chest":23,"minecraft:crouch_one_cm":2450,"tombstone:undead_killed":5,"minecraft:play_time":78307,"minecraft:sneak_time":3863,"minecraft:jump":51,"minecraft:total_world_time":78307,"minecraft:fall_one_cm":335}},"DataVersion":3465}