{"stats":{"minecraft:dropped":{"ironfurnaces:upgrade_iron":1,"minecraft:coal":4,"exdeorum:lead_ore_chunk":64,"minecraft:redstone":1,"minecraft:diamond_pickaxe":1,"immersiveengineering:seed":2},"minecraft:killed":{"minecraft:spider":7,"minecraft:skeleton":5,"minecraft:bat":14,"minecraft:wandering_trader":1,"minecraft:creeper":2,"minecraft:trader_llama":1},"minecraft:mined":{"minecraft:grass_block":9,"integrateddynamics:squeezer":2,"minecraft:redstone_wire":1,"cobblefordays:tier_1":1,"minecraft:furnace":1,"minecraft:fire":17,"mekanism:superheating_element":2,"exdeorum:oak_sieve":9,"exdeorum:infested_leaves":308,"minecraft:clay":7,"minecraft:cobblestone":3295,"ironfurnaces:emerald_furnace":1,"minecraft:sugar_cane":8,"minecraft:wall_torch":1,"minecraft:grass":1,"minecraft:oak_log":91,"exdeorum:oak_barrel":2,"minecraft:gravel":566,"minecraft:sand":495,"minecraft:dirt":1,"allthecompressed:cobblestone_1x":4,"minecraft:oak_leaves":325},"minecraft:used":{"cookingforblockheads:sink":2,"minecraft:redstone":1,"rftoolspower:coalgenerator":1,"minecraft:chest":10,"exdeorum:crook":494,"allthecompressed:cobblestone_1x":4,"pickletweaks:emerald_pickaxe":1,"minecraft:torch":1,"minecraft:anvil":2,"minecraft:dirt":13,"cobblefordays:tier_2":2,"exdeorum:netherite_hammer":4225,"exdeorum:silk_worm":5,"sophisticatedstorage:netherite_chest":15,"mekanism:basic_energy_cube":1,"integrateddynamics:squeezer":2,"mekanism:advanced_fluid_tank":1,"minecraft:lava_bucket":3,"cobblefordays:tier_5":2,"minecraft:grass_block":3656,"constructionwand:infinity_wand":198,"connectedglass:borderless_glass":1135,"mekanism:basic_tier_installer":1,"exdeorum:porcelain_crucible":2,"ironfurnaces:iron_furnace":1,"cobblefordays:tier_1":1,"torchmaster:feral_flare_lantern":18,"exdeorum:stone_hammer":129,"pipez:item_pipe":7,"minecraft:furnace":2,"minecraft:oak_sapling":28,"torchmaster:megatorch":1,"minecraft:cooked_beef":14,"minecraft:egg":1,"exdeorum:oak_sieve":18,"pipez:fluid_pipe":2,"minecraft:water_bucket":2,"minecraft:sugar_cane":5,"minecraft:clay":7,"elevatorid:elevator_white":3,"minecraft:sand":518,"allthemodium:alloy_sword":30,"mekanism:basic_enriching_factory":1,"minecraft:crafting_table":2,"minecraft:blast_furnace":1,"chipped:calcite_bricks":224,"exdeorum:stone_barrel":1,"exdeorum:dust":520,"mekanism:superheating_element":4,"exdeorum:oak_barrel":4,"minecraft:diamond_pickaxe":5,"mekanism:metallurgic_infuser":1,"minecraft:stone_axe":158,"minecraft:gravel":3419,"minecraft:cobblestone":3295,"ironfurnaces:emerald_furnace":1,"functionalstorage:oak_1":2,"minecraft:bucket":5,"exdeorum:compressed_stone_hammer":4,"minecraft:ice":1,"pipez:energy_pipe":1},"minecraft:crafted":{"pipez:wrench":1,"minecraft:smooth_stone":0,"minecraft:oak_planks":68,"immersiveengineering:hammer":1,"mekanism:basic_universal_cable":32,"minecraft:coal":1,"minecraft:barrel":1,"pipez:universal_pipe":6,"rftoolsbase:machine_frame":1,"minecraft:iron_nugget":9,"ironfurnaces:augment_generator":1,"alltheores:constantan_ingot":32,"minecraft:cobbled_deepslate":20,"alltheores:copper_dust":16,"pipez:item_pipe":1,"minecraft:sand":2,"minecraft:furnace":6,"minecraft:blast_furnace":2,"ironfurnaces:iron_furnace":1,"minecraft:piston":6,"croptopia:toast":0,"exdeorum:diamond_mesh":3,"minecraft:stone":0,"projecte:high_covalence_dust":40,"exdeorum:unfired_porcelain_crucible":2,"minecraft:bone_meal":6,"projecte:repair_talisman":1,"allthecompressed:cobblestone_1x":4,"connectedglass:borderless_glass":19,"pipez:fluid_pipe":16,"alltheores:osmium_ore":64,"mekanism:basic_enriching_factory":1,"minecraft:granite":22,"alltheores:copper_ore_hammer":1,"mekanism:basic_tier_installer":1,"minecraft:basalt":18,"minecraft:glass":2,"minecraft:repeater":1,"alltheores:nickel_ore":32,"exdeorum:string_mesh":9,"minecraft:slime_ball":13,"minecraft:chest":11,"minecraft:copper_block":2,"alltheores:constantan_dust":16,"alltheores:steel_ingot":0,"mekanism:basic_fluid_tank":1,"minecraft:redstone_block":3,"minecraft:stone_hoe":1,"alltheores:steel_dust":16,"exdeorum:stone_hammer":10,"exdeorum:iron_mesh":1,"functionalstorage:oak_1":1,"mekanism:energy_tablet":2,"exdeorum:porcelain_crucible":2,"dankstorage:dank_1":2,"alltheores:nickel_dust":32,"cobblefordays:tier_2":2,"minecraft:coal_block":1,"pickletweaks:emerald_pickaxe":1,"exdeorum:golden_mesh":3,"integrateddynamics:squeezer":1,"minecraft:dropper":2,"rftoolspower:coalgenerator":1,"exdeorum:stone_barrel":1,"minecraft:oak_slab":13,"minecraft:emerald":1,"alltheores:osmium_ingot":2,"exdeorum:oak_barrel":4,"mekanism:metallurgic_infuser":1,"minecraft:crafting_table":5,"minecraft:gold_ore":78,"minecraft:gravel":2,"pickletweaks:flint_shears":1,"pipez:energy_pipe":16,"alltheores:invar_ingot":9,"mekanism:superheating_element":2,"ironfurnaces:augment_blasting":1,"minecraft:copper_ingot":0,"minecraft:gold_block":2,"exdeorum:compressed_stone_hammer":1,"minecraft:copper_ore":64,"minecraft:bucket":3,"minecraft:stone_axe":2,"minecraft:air":1516,"minecraft:diorite":20,"projecte:low_covalence_dust":40,"minecraft:bread":11,"cobblefordays:tier_1":2,"cobblefordays:tier_3":2,"cobblefordays:tier_5":2,"exdeorum:crook":4,"exdeorum:oak_crucible":1,"minecraft:blue_dye":2,"ironfurnaces:upgrade_gold":2,"exdeorum:porcelain_clay_ball":20,"thermal:redstone_servo":6,"minecraft:paper":2,"minecraft:cobblestone":137,"minecraft:diamond_pickaxe":1,"minecraft:oxeye_daisy":8,"mekanism:basic_energy_cube":1,"minecraft:charcoal":0,"minecraft:gold_nugget":9,"mekanism:steel_casing":4,"mekanism:enrichment_chamber":1,"exdeorum:flint_mesh":9,"minecraft:stick":14,"minecraft:stone_slab":6,"minecraft:iron_ingot":57,"minecraft:blackstone":19,"projecte:medium_covalence_dust":40,"minecraft:iron_block":1,"minecraft:iron_ore":220,"minecraft:gold_ingot":55,"exdeorum:oak_sieve":9,"alltheores:iron_dust":16,"ironfurnaces:upgrade_emerald":2,"minecraft:redstone_torch":2,"mekanism:advanced_fluid_tank":1,"minecraft:andesite":18,"thermal:device_rock_gen":6,"ironfurnaces:upgrade_diamond":2,"minecraft:fire_charge":3,"alltheores:constantan_gear":8,"mekanism:advanced_universal_cable":11,"cobblefordays:tier_4":2},"minecraft:picked_up":{"exdeorum:gold_ore_chunk":534,"minecraft:wheat":33,"exdeorum:dust":495,"minecraft:chicken":1,"minecraft:clay_ball":28,"minecraft:lead":2,"minecraft:enchanted_book":3,"exdeorum:iron_ore_chunk":924,"exdeorum:oak_barrel":2,"minecraft:shield":1,"exdeorum:blackstone_pebble":83,"minecraft:string":137,"exdeorum:granite_pebble":99,"exdeorum:string_mesh":9,"cobblefordays:tier_1":1,"minecraft:bucket":1,"mysticalagriculture:inferium_essence":3,"exdeorum:iron_mesh":38,"exdeorum:zinc_ore_chunk":488,"minecraft:iron_nugget":2,"minecraft:sugar_cane":10,"xycraft_world:xychorium_gem_green":103,"minecraft:egg":1,"minecraft:iron_boots":1,"minecraft:furnace":1,"minecraft:stick":28,"minecraft:stone":6,"forbidden_arcanus:bat_wing":3,"minecraft:torch":1,"tombstone:grave_dust":1,"minecraft:pointed_dripstone":34,"minecraft:redstone":181,"exdeorum:silk_worm":6,"minecraft:arrow":5,"minecraft:rotten_flesh":1,"xycraft_world:xychorium_gem_blue":98,"ae2:certus_quartz_dust":114,"exdeorum:diorite_pebble":92,"exdeorum:tin_ore_chunk":568,"exdeorum:andesite_pebble":80,"forcecraft:claw":2,"minecraft:blaze_powder":111,"exdeorum:osmium_ore_chunk":384,"exdeorum:random_pottery_sherd":1,"exdeorum:basalt_pebble":88,"minecraft:leather":3,"enderio:grains_of_infinity":200,"forcecraft:force_gem":221,"minecraft:flint":506,"minecraft:oak_log":150,"pipez:ultimate_upgrade":34,"ironfurnaces:upgrade_iron":1,"minecraft:gunpowder":188,"minecraft:dirt":24,"minecraft:lapis_lazuli":673,"exdeorum:nickel_ore_chunk":608,"minecraft:bone":3,"mekanism:salt":228,"minecraft:glass":44,"ae2:sky_dust":175,"minecraft:apple":5,"minecraft:wheat_seeds":56,"exdeorum:stone_pebble":554,"exdeorum:oak_sieve":9,"minecraft:iron_ore":1,"minecraft:glowstone_dust":191,"exdeorum:deepslate_pebble":90,"exdeorum:lead_ore_chunk":613,"xycraft_world:xychorium_gem_red":94,"exdeorum:flint_mesh":9,"minecraft:amethyst_shard":377,"integrateddynamics:squeezer":2,"minecraft:lava_bucket":2,"minecraft:sand":564,"minecraft:gravel":3329,"exdeorum:silver_ore_chunk":506,"minecraft:spider_eye":1,"xycraft_world:xychorium_gem_dark":98,"minecraft:bundle":1,"forbidden_arcanus:arcane_crystal":105,"xycraft_world:xychorium_gem_light":101,"minecraft:slime_block":5,"exdeorum:aluminum_ore_chunk":492,"minecraft:clay":12,"immersiveengineering:seed":2,"minecraft:diamond":284,"minecraft:iron_helmet":1,"minecraft:bone_meal":167,"exdeorum:copper_ore_chunk":524,"minecraft:emerald":195,"mekanism:superheating_element":2,"minecraft:oak_sapling":61,"ironfurnaces:emerald_furnace":1,"minecraft:oak_leaves":85,"minecraft:coal":551,"minecraft:diamond_pickaxe":1},"minecraft:broken":{"exdeorum:crook":3},"minecraft:custom":{"minecraft:mob_kills":30,"minecraft:interact_with_anvil":11,"minecraft:interact_with_crafting_table":154,"minecraft:open_barrel":1,"minecraft:damage_dealt_resisted":450,"minecraft:leave_game":9,"minecraft:time_since_death":287607,"minecraft:climb_one_cm":641,"minecraft:sprint_one_cm":135353,"minecraft:walk_one_cm":356363,"minecraft:drop":10,"minecraft:talked_to_villager":4,"minecraft:play_time":287607,"minecraft:sneak_time":8564,"minecraft:jump":317,"minecraft:interact_with_blast_furnace":12,"minecraft:walk_on_water_one_cm":1638,"minecraft:total_world_time":287607,"minecraft:interact_with_furnace":176,"minecraft:traded_with_villager":8,"minecraft:sleep_in_bed":2,"minecraft:time_since_rest":183189,"minecraft:damage_taken":490,"minecraft:use_wand":9015,"minecraft:damage_dealt":4031,"minecraft:fly_one_cm":145715,"minecraft:open_chest":269,"minecraft:crouch_one_cm":5130,"tombstone:undead_killed":5,"tombstone:villager_killed":1,"minecraft:fall_one_cm":1407}},"DataVersion":3465}