{"stats":{"minecraft:dropped":{"ironfurnaces:upgrade_iron":1,"minecraft:coal":4,"exdeorum:lead_ore_chunk":64,"minecraft:redstone":1,"minecraft:diamond_pickaxe":1,"immersiveengineering:seed":2},"minecraft:mined":{"minecraft:grass_block":8,"minecraft:redstone_wire":1,"cobblefordays:tier_1":1,"minecraft:furnace":1,"minecraft:fire":14,"exdeorum:oak_sieve":9,"exdeorum:infested_leaves":308,"minecraft:clay":7,"minecraft:cobblestone":1895,"minecraft:wall_torch":1,"minecraft:grass":1,"minecraft:oak_log":91,"exdeorum:oak_barrel":2,"minecraft:gravel":497,"minecraft:sand":495,"allthecompressed:cobblestone_1x":4,"minecraft:oak_leaves":325},"minecraft:killed":{"minecraft:spider":7,"minecraft:skeleton":5,"minecraft:bat":14,"minecraft:creeper":2},"minecraft:used":{"cookingforblockheads:sink":2,"minecraft:redstone":1,"minecraft:chest":8,"exdeorum:crook":494,"allthecompressed:cobblestone_1x":4,"minecraft:torch":1,"minecraft:dirt":12,"minecraft:anvil":2,"cobblefordays:tier_2":2,"exdeorum:netherite_hammer":2757,"exdeorum:silk_worm":5,"integrateddynamics:squeezer":1,"minecraft:lava_bucket":2,"cobblefordays:tier_5":2,"minecraft:grass_block":3656,"constructionwand:infinity_wand":163,"connectedglass:borderless_glass":1135,"exdeorum:porcelain_crucible":2,"ironfurnaces:iron_furnace":1,"cobblefordays:tier_1":1,"torchmaster:feral_flare_lantern":18,"exdeorum:stone_hammer":129,"minecraft:oak_sapling":28,"minecraft:furnace":2,"torchmaster:megatorch":1,"minecraft:egg":1,"minecraft:cooked_beef":9,"exdeorum:oak_sieve":18,"minecraft:clay":7,"elevatorid:elevator_white":3,"minecraft:sand":518,"minecraft:crafting_table":2,"allthemodium:alloy_sword":30,"minecraft:blast_furnace":1,"chipped:calcite_bricks":224,"exdeorum:stone_barrel":1,"exdeorum:dust":520,"exdeorum:oak_barrel":4,"minecraft:diamond_pickaxe":1,"minecraft:gravel":2018,"minecraft:stone_axe":151,"minecraft:cobblestone":1895,"functionalstorage:oak_1":2,"minecraft:bucket":1,"exdeorum:compressed_stone_hammer":4,"minecraft:ice":1},"minecraft:crafted":{"minecraft:smooth_stone":0,"minecraft:oak_planks":68,"minecraft:barrel":1,"rftoolsbase:machine_frame":1,"minecraft:cobbled_deepslate":20,"minecraft:sand":2,"minecraft:furnace":3,"minecraft:blast_furnace":1,"croptopia:toast":0,"ironfurnaces:iron_furnace":1,"exdeorum:diamond_mesh":3,"minecraft:stone":0,"minecraft:bone_meal":6,"exdeorum:unfired_porcelain_crucible":2,"allthecompressed:cobblestone_1x":4,"connectedglass:borderless_glass":19,"minecraft:granite":22,"alltheores:copper_ore_hammer":1,"minecraft:basalt":18,"minecraft:glass":2,"exdeorum:string_mesh":9,"minecraft:slime_ball":13,"minecraft:chest":9,"minecraft:copper_block":2,"minecraft:stone_hoe":1,"exdeorum:iron_mesh":1,"exdeorum:stone_hammer":10,"exdeorum:porcelain_crucible":2,"functionalstorage:oak_1":1,"dankstorage:dank_1":2,"cobblefordays:tier_2":2,"integrateddynamics:squeezer":1,"exdeorum:golden_mesh":3,"exdeorum:stone_barrel":1,"minecraft:oak_slab":13,"exdeorum:oak_barrel":4,"minecraft:crafting_table":5,"minecraft:gold_ore":55,"pickletweaks:flint_shears":1,"minecraft:gravel":2,"minecraft:copper_ingot":0,"minecraft:copper_ore":48,"exdeorum:compressed_stone_hammer":1,"minecraft:bucket":1,"minecraft:stone_axe":2,"minecraft:bread":11,"minecraft:diorite":20,"cobblefordays:tier_1":2,"minecraft:air":967,"cobblefordays:tier_3":2,"cobblefordays:tier_5":2,"exdeorum:crook":4,"exdeorum:oak_crucible":1,"minecraft:blue_dye":2,"exdeorum:porcelain_clay_ball":20,"minecraft:gold_nugget":9,"minecraft:diamond_pickaxe":1,"minecraft:cobblestone":137,"exdeorum:flint_mesh":9,"minecraft:stick":10,"minecraft:stone_slab":6,"minecraft:iron_ingot":57,"minecraft:blackstone":19,"minecraft:iron_block":1,"minecraft:iron_ore":57,"minecraft:gold_ingot":55,"exdeorum:oak_sieve":9,"minecraft:andesite":18,"cobblefordays:tier_4":2},"minecraft:picked_up":{"exdeorum:gold_ore_chunk":314,"minecraft:wheat":33,"exdeorum:dust":495,"minecraft:chicken":1,"minecraft:clay_ball":28,"minecraft:lead":1,"minecraft:enchanted_book":3,"exdeorum:iron_ore_chunk":624,"exdeorum:oak_barrel":2,"minecraft:shield":1,"exdeorum:blackstone_pebble":83,"minecraft:string":137,"exdeorum:string_mesh":9,"exdeorum:granite_pebble":99,"mysticalagriculture:inferium_essence":3,"cobblefordays:tier_1":1,"exdeorum:iron_mesh":38,"exdeorum:zinc_ore_chunk":297,"minecraft:iron_nugget":2,"xycraft_world:xychorium_gem_green":103,"minecraft:furnace":1,"minecraft:iron_boots":1,"minecraft:egg":1,"minecraft:stick":28,"forbidden_arcanus:bat_wing":3,"minecraft:stone":6,"minecraft:torch":1,"minecraft:pointed_dripstone":34,"tombstone:grave_dust":1,"minecraft:redstone":181,"exdeorum:silk_worm":6,"minecraft:arrow":5,"minecraft:rotten_flesh":1,"xycraft_world:xychorium_gem_blue":98,"ae2:certus_quartz_dust":114,"exdeorum:diorite_pebble":92,"exdeorum:tin_ore_chunk":429,"exdeorum:andesite_pebble":80,"forcecraft:claw":2,"minecraft:blaze_powder":111,"exdeorum:osmium_ore_chunk":258,"exdeorum:random_pottery_sherd":1,"exdeorum:basalt_pebble":88,"minecraft:leather":2,"enderio:grains_of_infinity":200,"forcecraft:force_gem":221,"minecraft:flint":382,"minecraft:oak_log":150,"ironfurnaces:upgrade_iron":1,"minecraft:gunpowder":188,"exdeorum:nickel_ore_chunk":333,"minecraft:lapis_lazuli":417,"minecraft:dirt":22,"mekanism:salt":228,"ae2:sky_dust":175,"minecraft:bone":3,"minecraft:apple":5,"minecraft:wheat_seeds":56,"exdeorum:oak_sieve":9,"exdeorum:stone_pebble":554,"minecraft:glowstone_dust":191,"exdeorum:deepslate_pebble":90,"exdeorum:lead_ore_chunk":347,"xycraft_world:xychorium_gem_red":94,"minecraft:gravel":1932,"exdeorum:flint_mesh":9,"minecraft:sand":496,"minecraft:amethyst_shard":249,"exdeorum:silver_ore_chunk":340,"xycraft_world:xychorium_gem_dark":98,"minecraft:spider_eye":1,"forbidden_arcanus:arcane_crystal":105,"minecraft:bundle":1,"xycraft_world:xychorium_gem_light":101,"minecraft:clay":12,"exdeorum:aluminum_ore_chunk":286,"immersiveengineering:seed":2,"minecraft:diamond":158,"minecraft:slime_block":5,"minecraft:iron_helmet":1,"minecraft:bone_meal":167,"exdeorum:copper_ore_chunk":366,"minecraft:emerald":117,"minecraft:oak_sapling":61,"minecraft:oak_leaves":85,"minecraft:coal":394,"minecraft:diamond_pickaxe":1},"minecraft:broken":{"exdeorum:crook":3},"minecraft:custom":{"minecraft:mob_kills":28,"minecraft:interact_with_anvil":11,"minecraft:interact_with_crafting_table":76,"minecraft:open_barrel":1,"minecraft:damage_dealt_resisted":450,"minecraft:leave_game":7,"minecraft:time_since_death":196196,"minecraft:climb_one_cm":641,"minecraft:sprint_one_cm":105857,"minecraft:walk_one_cm":245801,"minecraft:drop":10,"minecraft:talked_to_villager":1,"minecraft:play_time":196196,"minecraft:sneak_time":7023,"minecraft:jump":217,"minecraft:interact_with_blast_furnace":1,"minecraft:walk_on_water_one_cm":724,"minecraft:total_world_time":196196,"minecraft:interact_with_furnace":72,"minecraft:sleep_in_bed":2,"minecraft:time_since_rest":91778,"minecraft:damage_taken":150,"minecraft:use_wand":7590,"minecraft:damage_dealt":3601,"minecraft:fly_one_cm":135945,"minecraft:open_chest":126,"minecraft:crouch_one_cm":4216,"tombstone:undead_killed":5,"minecraft:fall_one_cm":604}},"DataVersion":3465}