{"stats":{"minecraft:killed":{"minecraft:skeleton":5,"minecraft:spider":7,"minecraft:bat":14,"minecraft:creeper":2},"minecraft:used":{"minecraft:grass_block":3656,"constructionwand:infinity_wand":82,"connectedglass:borderless_glass":1135,"elevatorid:elevator_white":3,"minecraft:dirt":6,"torchmaster:feral_flare_lantern":18,"minecraft:crafting_table":1,"allthemodium:alloy_sword":30,"chipped:calcite_bricks":224,"torchmaster:megatorch":1,"minecraft:egg":1},"minecraft:crafted":{"connectedglass:borderless_glass":19,"minecraft:air":60},"minecraft:picked_up":{"forbidden_arcanus:bat_wing":3,"minecraft:chicken":1,"minecraft:leather":2,"minecraft:lead":1,"tombstone:grave_dust":1,"minecraft:shield":1,"minecraft:gunpowder":5,"minecraft:dirt":15,"minecraft:spider_eye":1,"minecraft:string":11,"minecraft:bundle":1,"minecraft:bone":3,"minecraft:arrow":5,"minecraft:rotten_flesh":1,"mysticalagriculture:inferium_essence":3,"minecraft:iron_helmet":1,"forcecraft:claw":2,"minecraft:iron_boots":1,"minecraft:egg":1},"minecraft:custom":{"minecraft:time_since_rest":28995,"minecraft:sprint_one_cm":15422,"minecraft:walk_one_cm":46062,"minecraft:mob_kills":28,"minecraft:use_wand":4826,"minecraft:damage_dealt":3601,"minecraft:interact_with_crafting_table":2,"minecraft:talked_to_villager":1,"minecraft:fly_one_cm":104506,"minecraft:open_barrel":1,"minecraft:open_chest":1,"minecraft:crouch_one_cm":720,"minecraft:play_time":35775,"tombstone:undead_killed":5,"minecraft:sneak_time":658,"minecraft:jump":22,"minecraft:damage_dealt_resisted":450,"minecraft:leave_game":1,"minecraft:time_since_death":35775,"minecraft:sleep_in_bed":1,"minecraft:total_world_time":35775,"minecraft:climb_one_cm":641}},"DataVersion":3465}