{"stats":{"minecraft:dropped":{"ironfurnaces:upgrade_iron":1,"minecraft:coal":4,"exdeorum:lead_ore_chunk":64},"minecraft:mined":{"minecraft:grass_block":8,"cobblefordays:tier_1":1,"minecraft:furnace":1,"minecraft:fire":6,"exdeorum:oak_sieve":9,"exdeorum:infested_leaves":308,"minecraft:clay":7,"minecraft:cobblestone":1401,"minecraft:wall_torch":1,"minecraft:oak_log":91,"exdeorum:oak_barrel":1,"minecraft:gravel":3,"minecraft:sand":1,"allthecompressed:cobblestone_1x":4,"minecraft:oak_leaves":325},"minecraft:killed":{"minecraft:spider":7,"minecraft:skeleton":5,"minecraft:bat":14,"minecraft:creeper":2},"minecraft:used":{"cookingforblockheads:sink":1,"minecraft:chest":6,"exdeorum:crook":494,"allthecompressed:cobblestone_1x":4,"minecraft:torch":1,"minecraft:dirt":12,"minecraft:anvil":1,"cobblefordays:tier_2":2,"exdeorum:netherite_hammer":1275,"exdeorum:silk_worm":5,"minecraft:lava_bucket":2,"cobblefordays:tier_5":2,"minecraft:grass_block":3656,"constructionwand:infinity_wand":119,"connectedglass:borderless_glass":1135,"exdeorum:porcelain_crucible":2,"ironfurnaces:iron_furnace":1,"cobblefordays:tier_1":1,"torchmaster:feral_flare_lantern":18,"exdeorum:stone_hammer":129,"minecraft:oak_sapling":28,"minecraft:furnace":2,"torchmaster:megatorch":1,"minecraft:egg":1,"minecraft:cooked_beef":5,"exdeorum:oak_sieve":18,"minecraft:clay":7,"elevatorid:elevator_white":3,"minecraft:sand":24,"minecraft:crafting_table":2,"allthemodium:alloy_sword":30,"minecraft:blast_furnace":1,"chipped:calcite_bricks":224,"exdeorum:dust":26,"exdeorum:oak_barrel":3,"minecraft:diamond_pickaxe":1,"minecraft:gravel":1524,"minecraft:stone_axe":151,"minecraft:cobblestone":1401,"functionalstorage:oak_1":2,"minecraft:bucket":1,"exdeorum:compressed_stone_hammer":4,"minecraft:ice":1},"minecraft:crafted":{"minecraft:smooth_stone":0,"minecraft:oak_planks":54,"minecraft:barrel":1,"minecraft:cobbled_deepslate":20,"minecraft:sand":2,"minecraft:furnace":3,"minecraft:blast_furnace":1,"ironfurnaces:iron_furnace":1,"exdeorum:diamond_mesh":3,"minecraft:bone_meal":6,"exdeorum:unfired_porcelain_crucible":2,"allthecompressed:cobblestone_1x":4,"connectedglass:borderless_glass":19,"minecraft:granite":22,"minecraft:basalt":18,"minecraft:glass":2,"exdeorum:string_mesh":9,"minecraft:chest":7,"exdeorum:iron_mesh":1,"exdeorum:stone_hammer":10,"exdeorum:porcelain_crucible":2,"functionalstorage:oak_1":1,"dankstorage:dank_1":2,"cobblefordays:tier_2":2,"exdeorum:golden_mesh":3,"minecraft:oak_slab":13,"exdeorum:oak_barrel":4,"minecraft:crafting_table":5,"minecraft:gold_ore":55,"pickletweaks:flint_shears":1,"minecraft:gravel":2,"exdeorum:compressed_stone_hammer":1,"minecraft:bucket":1,"minecraft:stone_axe":2,"minecraft:diorite":20,"cobblefordays:tier_1":2,"minecraft:air":798,"cobblefordays:tier_3":2,"cobblefordays:tier_5":2,"exdeorum:crook":4,"exdeorum:oak_crucible":1,"exdeorum:porcelain_clay_ball":20,"minecraft:diamond_pickaxe":1,"minecraft:cobblestone":137,"exdeorum:flint_mesh":9,"minecraft:stick":7,"minecraft:iron_ingot":57,"minecraft:blackstone":19,"minecraft:iron_ore":57,"minecraft:gold_ingot":55,"exdeorum:oak_sieve":9,"minecraft:andesite":18,"cobblefordays:tier_4":2},"minecraft:picked_up":{"exdeorum:gold_ore_chunk":314,"exdeorum:dust":1,"minecraft:chicken":1,"minecraft:clay_ball":28,"minecraft:lead":1,"minecraft:enchanted_book":3,"exdeorum:iron_ore_chunk":624,"exdeorum:oak_barrel":1,"minecraft:shield":1,"exdeorum:blackstone_pebble":83,"minecraft:string":137,"exdeorum:string_mesh":9,"exdeorum:granite_pebble":99,"mysticalagriculture:inferium_essence":3,"cobblefordays:tier_1":1,"exdeorum:iron_mesh":38,"exdeorum:zinc_ore_chunk":297,"minecraft:iron_nugget":2,"xycraft_world:xychorium_gem_green":1,"minecraft:furnace":1,"minecraft:iron_boots":1,"minecraft:egg":1,"minecraft:stick":28,"forbidden_arcanus:bat_wing":3,"minecraft:stone":6,"minecraft:torch":1,"minecraft:pointed_dripstone":34,"tombstone:grave_dust":1,"minecraft:redstone":1,"exdeorum:silk_worm":6,"minecraft:arrow":5,"minecraft:rotten_flesh":1,"ae2:certus_quartz_dust":2,"exdeorum:diorite_pebble":92,"exdeorum:tin_ore_chunk":429,"exdeorum:andesite_pebble":80,"forcecraft:claw":2,"minecraft:blaze_powder":1,"exdeorum:osmium_ore_chunk":258,"exdeorum:random_pottery_sherd":1,"exdeorum:basalt_pebble":88,"minecraft:leather":2,"minecraft:flint":382,"minecraft:oak_log":150,"ironfurnaces:upgrade_iron":1,"minecraft:gunpowder":6,"exdeorum:nickel_ore_chunk":333,"minecraft:lapis_lazuli":417,"minecraft:dirt":22,"ae2:sky_dust":1,"minecraft:bone":3,"minecraft:apple":5,"exdeorum:oak_sieve":9,"exdeorum:stone_pebble":554,"minecraft:glowstone_dust":2,"exdeorum:deepslate_pebble":90,"exdeorum:lead_ore_chunk":347,"xycraft_world:xychorium_gem_red":2,"minecraft:gravel":1438,"exdeorum:flint_mesh":9,"minecraft:sand":2,"minecraft:amethyst_shard":249,"exdeorum:silver_ore_chunk":340,"xycraft_world:xychorium_gem_dark":2,"minecraft:spider_eye":1,"minecraft:bundle":1,"minecraft:clay":12,"exdeorum:aluminum_ore_chunk":286,"minecraft:diamond":158,"minecraft:iron_helmet":1,"minecraft:bone_meal":6,"exdeorum:copper_ore_chunk":366,"minecraft:emerald":117,"minecraft:oak_sapling":60,"minecraft:oak_leaves":85,"minecraft:coal":394},"minecraft:broken":{"exdeorum:crook":3},"minecraft:custom":{"minecraft:mob_kills":28,"minecraft:interact_with_anvil":10,"minecraft:interact_with_crafting_table":69,"minecraft:open_barrel":1,"minecraft:damage_dealt_resisted":450,"minecraft:leave_game":7,"minecraft:time_since_death":172196,"minecraft:climb_one_cm":641,"minecraft:sprint_one_cm":58659,"minecraft:walk_one_cm":202479,"minecraft:drop":6,"minecraft:talked_to_villager":1,"minecraft:play_time":172196,"minecraft:sneak_time":6932,"minecraft:jump":129,"minecraft:interact_with_blast_furnace":1,"minecraft:walk_on_water_one_cm":724,"minecraft:total_world_time":172196,"minecraft:interact_with_furnace":57,"minecraft:sleep_in_bed":2,"minecraft:time_since_rest":67778,"minecraft:damage_taken":20,"minecraft:use_wand":6169,"minecraft:damage_dealt":3601,"minecraft:fly_one_cm":114934,"minecraft:open_chest":99,"minecraft:crouch_one_cm":4078,"tombstone:undead_killed":5,"minecraft:fall_one_cm":604}},"DataVersion":3465}