{"stats":{"minecraft:mined":{"minecraft:grass_block":5,"cobblefordays:tier_1":1,"minecraft:fire":1,"exdeorum:oak_sieve":9,"exdeorum:infested_leaves":308,"minecraft:clay":7,"minecraft:cobblestone":633,"minecraft:wall_torch":1,"minecraft:oak_log":86,"minecraft:gravel":3,"minecraft:sand":1,"allthecompressed:cobblestone_1x":4,"minecraft:oak_leaves":240},"minecraft:killed":{"minecraft:spider":7,"minecraft:skeleton":5,"minecraft:bat":14,"minecraft:creeper":2},"minecraft:used":{"cookingforblockheads:sink":1,"minecraft:chest":4,"exdeorum:crook":494,"allthecompressed:cobblestone_1x":4,"minecraft:torch":1,"minecraft:dirt":7,"minecraft:anvil":1,"cobblefordays:tier_2":2,"exdeorum:netherite_hammer":507,"exdeorum:silk_worm":5,"minecraft:lava_bucket":2,"minecraft:grass_block":3656,"constructionwand:infinity_wand":104,"connectedglass:borderless_glass":1135,"exdeorum:porcelain_crucible":2,"cobblefordays:tier_1":1,"torchmaster:feral_flare_lantern":18,"exdeorum:stone_hammer":129,"minecraft:oak_sapling":27,"minecraft:furnace":1,"torchmaster:megatorch":1,"minecraft:egg":1,"minecraft:cooked_beef":4,"exdeorum:oak_sieve":18,"minecraft:clay":7,"elevatorid:elevator_white":3,"minecraft:sand":24,"minecraft:crafting_table":2,"allthemodium:alloy_sword":30,"chipped:calcite_bricks":224,"exdeorum:dust":26,"exdeorum:oak_barrel":3,"minecraft:gravel":351,"minecraft:stone_axe":143,"minecraft:cobblestone":633,"functionalstorage:oak_1":2,"minecraft:bucket":1,"exdeorum:compressed_stone_hammer":4,"minecraft:ice":1},"minecraft:crafted":{"minecraft:oak_planks":40,"minecraft:cobbled_deepslate":20,"minecraft:sand":2,"minecraft:furnace":1,"minecraft:bone_meal":6,"exdeorum:unfired_porcelain_crucible":2,"allthecompressed:cobblestone_1x":4,"connectedglass:borderless_glass":19,"minecraft:granite":22,"minecraft:basalt":18,"minecraft:glass":2,"exdeorum:string_mesh":9,"minecraft:chest":5,"exdeorum:iron_mesh":1,"exdeorum:stone_hammer":10,"exdeorum:porcelain_crucible":2,"functionalstorage:oak_1":1,"cobblefordays:tier_2":2,"minecraft:oak_slab":12,"exdeorum:oak_barrel":4,"minecraft:crafting_table":5,"minecraft:gravel":2,"exdeorum:compressed_stone_hammer":1,"minecraft:bucket":1,"minecraft:stone_axe":2,"minecraft:diorite":20,"cobblefordays:tier_1":2,"minecraft:air":622,"exdeorum:crook":4,"exdeorum:porcelain_clay_ball":20,"minecraft:cobblestone":137,"exdeorum:flint_mesh":9,"minecraft:stick":7,"minecraft:iron_ingot":7,"minecraft:blackstone":19,"minecraft:iron_ore":7,"exdeorum:oak_sieve":9,"minecraft:andesite":18},"minecraft:picked_up":{"exdeorum:gold_ore_chunk":13,"exdeorum:dust":1,"minecraft:chicken":1,"minecraft:clay_ball":28,"minecraft:lead":1,"minecraft:enchanted_book":3,"exdeorum:iron_ore_chunk":36,"minecraft:shield":1,"exdeorum:blackstone_pebble":83,"minecraft:string":137,"exdeorum:string_mesh":9,"exdeorum:granite_pebble":99,"mysticalagriculture:inferium_essence":3,"cobblefordays:tier_1":1,"exdeorum:iron_mesh":28,"exdeorum:zinc_ore_chunk":10,"minecraft:iron_nugget":2,"xycraft_world:xychorium_gem_green":1,"minecraft:iron_boots":1,"minecraft:egg":1,"minecraft:stick":28,"forbidden_arcanus:bat_wing":3,"minecraft:torch":1,"minecraft:pointed_dripstone":34,"tombstone:grave_dust":1,"minecraft:redstone":1,"exdeorum:silk_worm":6,"minecraft:arrow":5,"minecraft:rotten_flesh":1,"ae2:certus_quartz_dust":2,"exdeorum:diorite_pebble":92,"exdeorum:tin_ore_chunk":32,"exdeorum:andesite_pebble":80,"forcecraft:claw":2,"minecraft:blaze_powder":1,"exdeorum:osmium_ore_chunk":17,"exdeorum:random_pottery_sherd":1,"exdeorum:basalt_pebble":88,"minecraft:leather":2,"minecraft:flint":79,"minecraft:oak_log":144,"minecraft:gunpowder":6,"exdeorum:nickel_ore_chunk":12,"minecraft:lapis_lazuli":14,"minecraft:dirt":19,"ae2:sky_dust":1,"minecraft:bone":3,"minecraft:apple":5,"exdeorum:oak_sieve":9,"exdeorum:stone_pebble":554,"minecraft:glowstone_dust":2,"exdeorum:deepslate_pebble":90,"exdeorum:lead_ore_chunk":11,"xycraft_world:xychorium_gem_red":2,"minecraft:gravel":670,"exdeorum:flint_mesh":9,"minecraft:sand":2,"minecraft:amethyst_shard":10,"exdeorum:silver_ore_chunk":23,"xycraft_world:xychorium_gem_dark":2,"minecraft:spider_eye":1,"minecraft:bundle":1,"minecraft:clay":12,"exdeorum:aluminum_ore_chunk":14,"minecraft:diamond":1,"minecraft:iron_helmet":1,"minecraft:bone_meal":6,"exdeorum:copper_ore_chunk":37,"minecraft:emerald":1,"minecraft:oak_sapling":60,"minecraft:coal":37},"minecraft:broken":{"exdeorum:crook":3},"minecraft:custom":{"minecraft:mob_kills":28,"minecraft:interact_with_anvil":3,"minecraft:interact_with_crafting_table":42,"minecraft:open_barrel":1,"minecraft:damage_dealt_resisted":450,"minecraft:leave_game":7,"minecraft:time_since_death":133511,"minecraft:climb_one_cm":641,"minecraft:sprint_one_cm":51386,"minecraft:walk_one_cm":155493,"minecraft:talked_to_villager":1,"minecraft:play_time":133511,"minecraft:sneak_time":6399,"minecraft:jump":103,"minecraft:walk_on_water_one_cm":724,"minecraft:total_world_time":133511,"minecraft:interact_with_furnace":23,"minecraft:sleep_in_bed":2,"minecraft:time_since_rest":29093,"minecraft:damage_taken":20,"minecraft:use_wand":5419,"minecraft:damage_dealt":3601,"minecraft:fly_one_cm":114658,"minecraft:open_chest":61,"minecraft:crouch_one_cm":3781,"tombstone:undead_killed":5,"minecraft:fall_one_cm":604}},"DataVersion":3465}