{"stats":{"minecraft:crafted":{"connectedglass:borderless_glass":19,"minecraft:air":60},"minecraft:custom":{"minecraft:open_barrel":1,"minecraft:time_since_rest":10793,"minecraft:open_chest":1,"minecraft:crouch_one_cm":405,"minecraft:play_time":17573,"minecraft:sprint_one_cm":805,"minecraft:walk_one_cm":17776,"minecraft:sneak_time":429,"minecraft:jump":9,"minecraft:use_wand":1849,"minecraft:time_since_death":17573,"minecraft:sleep_in_bed":1,"minecraft:total_world_time":17573,"minecraft:climb_one_cm":641,"minecraft:interact_with_crafting_table":2,"minecraft:fly_one_cm":56322},"minecraft:picked_up":{"minecraft:egg":1},"minecraft:used":{"minecraft:crafting_table":1,"minecraft:grass_block":851,"constructionwand:infinity_wand":64,"chipped:calcite_bricks":224,"minecraft:egg":1,"connectedglass:borderless_glass":906}},"DataVersion":3465}