{"stats":{"minecraft:killed":{"minecraft:spider":7,"minecraft:bat":14,"minecraft:creeper":2,"minecraft:skeleton":5},"minecraft:mined":{"exdeorum:infested_leaves":308,"minecraft:clay":7,"minecraft:grass_block":5,"minecraft:cobblestone":633,"minecraft:wall_torch":1,"cobblefordays:tier_1":1,"minecraft:fire":1,"minecraft:oak_log":86,"minecraft:gravel":3,"minecraft:sand":1,"exdeorum:oak_sieve":9,"allthecompressed:cobblestone_1x":4,"minecraft:oak_leaves":240},"minecraft:used":{"exdeorum:oak_sieve":18,"minecraft:chest":4,"allthecompressed:cobblestone_1x":4,"minecraft:clay":7,"exdeorum:crook":494,"elevatorid:elevator_white":3,"minecraft:torch":1,"minecraft:anvil":1,"minecraft:dirt":7,"minecraft:sand":24,"cobblefordays:tier_2":2,"allthemodium:alloy_sword":30,"minecraft:crafting_table":2,"exdeorum:netherite_hammer":507,"chipped:calcite_bricks":224,"exdeorum:silk_worm":5,"exdeorum:oak_barrel":3,"exdeorum:dust":26,"minecraft:lava_bucket":2,"minecraft:grass_block":3656,"constructionwand:infinity_wand":104,"connectedglass:borderless_glass":1135,"minecraft:gravel":351,"minecraft:stone_axe":143,"exdeorum:porcelain_crucible":2,"cobblefordays:tier_1":1,"torchmaster:feral_flare_lantern":18,"minecraft:cobblestone":633,"functionalstorage:oak_1":2,"exdeorum:stone_hammer":129,"minecraft:furnace":1,"minecraft:oak_sapling":27,"minecraft:bucket":1,"minecraft:ice":1,"exdeorum:compressed_stone_hammer":4,"minecraft:egg":1,"torchmaster:megatorch":1,"minecraft:cooked_beef":4,"cookingforblockheads:sink":1},"minecraft:crafted":{"minecraft:oak_slab":12,"minecraft:oak_planks":40,"exdeorum:oak_barrel":4,"minecraft:crafting_table":5,"minecraft:gravel":2,"minecraft:cobbled_deepslate":20,"minecraft:sand":2,"minecraft:furnace":1,"exdeorum:compressed_stone_hammer":1,"exdeorum:unfired_porcelain_crucible":2,"minecraft:bucket":1,"minecraft:bone_meal":6,"allthecompressed:cobblestone_1x":4,"minecraft:stone_axe":2,"cobblefordays:tier_1":2,"minecraft:diorite":20,"connectedglass:borderless_glass":19,"minecraft:air":622,"exdeorum:crook":4,"minecraft:granite":22,"exdeorum:porcelain_clay_ball":20,"minecraft:basalt":18,"minecraft:glass":2,"minecraft:cobblestone":137,"exdeorum:string_mesh":9,"exdeorum:flint_mesh":9,"minecraft:stick":7,"minecraft:iron_ingot":7,"minecraft:blackstone":19,"minecraft:chest":5,"minecraft:iron_ore":7,"exdeorum:oak_sieve":9,"minecraft:andesite":18,"exdeorum:iron_mesh":1,"exdeorum:stone_hammer":10,"functionalstorage:oak_1":1,"exdeorum:porcelain_crucible":2,"cobblefordays:tier_2":2},"minecraft:picked_up":{"exdeorum:gold_ore_chunk":13,"exdeorum:osmium_ore_chunk":17,"exdeorum:random_pottery_sherd":1,"exdeorum:basalt_pebble":88,"exdeorum:dust":1,"minecraft:chicken":1,"minecraft:clay_ball":28,"minecraft:leather":2,"minecraft:lead":1,"minecraft:flint":79,"exdeorum:iron_ore_chunk":36,"minecraft:oak_log":144,"minecraft:shield":1,"minecraft:gunpowder":6,"exdeorum:blackstone_pebble":83,"minecraft:string":137,"minecraft:lapis_lazuli":14,"exdeorum:nickel_ore_chunk":12,"minecraft:dirt":19,"exdeorum:granite_pebble":99,"exdeorum:string_mesh":9,"ae2:sky_dust":1,"minecraft:bone":3,"minecraft:apple":5,"exdeorum:iron_mesh":1,"cobblefordays:tier_1":1,"mysticalagriculture:inferium_essence":3,"exdeorum:oak_sieve":9,"exdeorum:stone_pebble":554,"exdeorum:zinc_ore_chunk":10,"minecraft:iron_nugget":2,"minecraft:glowstone_dust":2,"xycraft_world:xychorium_gem_green":1,"minecraft:iron_boots":1,"minecraft:egg":1,"exdeorum:deepslate_pebble":90,"minecraft:stick":28,"forbidden_arcanus:bat_wing":3,"exdeorum:lead_ore_chunk":11,"xycraft_world:xychorium_gem_red":2,"minecraft:torch":1,"exdeorum:flint_mesh":9,"minecraft:gravel":670,"minecraft:sand":2,"minecraft:amethyst_shard":10,"tombstone:grave_dust":1,"minecraft:pointed_dripstone":34,"minecraft:redstone":1,"exdeorum:silver_ore_chunk":23,"xycraft_world:xychorium_gem_dark":2,"minecraft:spider_eye":1,"minecraft:diamond":1,"minecraft:bundle":1,"exdeorum:silk_worm":6,"minecraft:arrow":5,"exdeorum:aluminum_ore_chunk":14,"minecraft:rotten_flesh":1,"minecraft:clay":12,"exdeorum:diorite_pebble":92,"ae2:certus_quartz_dust":2,"minecraft:iron_helmet":1,"minecraft:emerald":1,"exdeorum:tin_ore_chunk":32,"minecraft:bone_meal":6,"exdeorum:andesite_pebble":80,"exdeorum:copper_ore_chunk":37,"forcecraft:claw":2,"minecraft:oak_sapling":60,"minecraft:coal":37,"minecraft:blaze_powder":1},"minecraft:broken":{"exdeorum:crook":3},"minecraft:custom":{"minecraft:interact_with_furnace":23,"minecraft:interact_with_anvil":1,"minecraft:mob_kills":28,"minecraft:interact_with_crafting_table":42,"minecraft:open_barrel":1,"minecraft:damage_dealt_resisted":450,"minecraft:leave_game":4,"minecraft:time_since_death":122679,"minecraft:sleep_in_bed":2,"minecraft:climb_one_cm":641,"minecraft:time_since_rest":18261,"minecraft:sprint_one_cm":51386,"minecraft:damage_taken":20,"minecraft:walk_one_cm":155063,"minecraft:use_wand":5419,"minecraft:damage_dealt":3601,"minecraft:talked_to_villager":1,"minecraft:fly_one_cm":114658,"minecraft:open_chest":61,"minecraft:crouch_one_cm":3781,"tombstone:undead_killed":5,"minecraft:play_time":122679,"minecraft:sneak_time":6399,"minecraft:jump":103,"minecraft:walk_on_water_one_cm":724,"minecraft:total_world_time":122679,"minecraft:fall_one_cm":604}},"DataVersion":3465}