{"stats":{"minecraft:mined":{"minecraft:oak_log":10},"minecraft:killed":{"minecraft:skeleton":5,"minecraft:spider":7,"minecraft:bat":14,"minecraft:creeper":2},"minecraft:used":{"minecraft:grass_block":3656,"constructionwand:infinity_wand":82,"minecraft:chest":2,"connectedglass:borderless_glass":1135,"minecraft:stone_axe":5,"elevatorid:elevator_white":3,"minecraft:dirt":6,"torchmaster:feral_flare_lantern":18,"minecraft:crafting_table":2,"minecraft:oak_sapling":3,"allthemodium:alloy_sword":30,"chipped:calcite_bricks":224,"torchmaster:megatorch":1,"minecraft:egg":1},"minecraft:crafted":{"minecraft:oak_planks":6,"minecraft:cobblestone":3,"minecraft:crafting_table":1,"minecraft:chest":2,"minecraft:stone_axe":1,"connectedglass:borderless_glass":19,"minecraft:air":87},"minecraft:picked_up":{"exdeorum:deepslate_pebble":3,"minecraft:stick":4,"exdeorum:basalt_pebble":3,"forbidden_arcanus:bat_wing":3,"minecraft:chicken":1,"minecraft:leather":2,"minecraft:lead":1,"minecraft:oak_log":11,"tombstone:grave_dust":1,"minecraft:shield":1,"minecraft:gunpowder":5,"exdeorum:blackstone_pebble":3,"minecraft:dirt":15,"minecraft:spider_eye":1,"minecraft:string":11,"exdeorum:granite_pebble":2,"minecraft:bundle":1,"minecraft:bone":3,"minecraft:arrow":5,"minecraft:rotten_flesh":1,"exdeorum:diorite_pebble":3,"mysticalagriculture:inferium_essence":3,"exdeorum:stone_pebble":24,"minecraft:iron_helmet":1,"exdeorum:andesite_pebble":3,"forcecraft:claw":2,"minecraft:oak_sapling":1,"minecraft:iron_boots":1,"minecraft:egg":1},"minecraft:custom":{"minecraft:time_since_rest":40995,"minecraft:sprint_one_cm":17967,"minecraft:walk_one_cm":51844,"minecraft:mob_kills":28,"minecraft:use_wand":4826,"minecraft:damage_dealt":3601,"minecraft:interact_with_crafting_table":4,"minecraft:talked_to_villager":1,"minecraft:fly_one_cm":106287,"minecraft:open_barrel":1,"minecraft:open_chest":4,"minecraft:crouch_one_cm":915,"minecraft:play_time":47775,"tombstone:undead_killed":5,"minecraft:sneak_time":949,"minecraft:jump":27,"minecraft:damage_dealt_resisted":450,"minecraft:leave_game":1,"minecraft:time_since_death":47775,"minecraft:sleep_in_bed":1,"minecraft:total_world_time":47775,"minecraft:climb_one_cm":641}},"DataVersion":3465}