{"stats":{"minecraft:mined":{"minecraft:oak_log":48,"minecraft:oak_leaves":130},"minecraft:used":{"minecraft:grass_block":3656,"constructionwand:infinity_wand":82,"minecraft:chest":2,"exdeorum:crook":128,"connectedglass:borderless_glass":1135,"minecraft:stone_axe":93,"elevatorid:elevator_white":3,"torchmaster:feral_flare_lantern":18,"minecraft:dirt":6,"minecraft:crafting_table":2,"minecraft:oak_sapling":21,"allthemodium:alloy_sword":30,"minecraft:cooked_beef":1,"chipped:calcite_bricks":224,"exdeorum:silk_worm":2,"torchmaster:megatorch":1,"minecraft:egg":1},"minecraft:killed":{"minecraft:skeleton":5,"minecraft:spider":7,"minecraft:bat":14,"minecraft:creeper":2},"minecraft:picked_up":{"minecraft:stick":19,"exdeorum:basalt_pebble":16,"exdeorum:deepslate_pebble":10,"forbidden_arcanus:bat_wing":3,"minecraft:chicken":1,"minecraft:leather":2,"minecraft:lead":1,"minecraft:oak_log":99,"tombstone:grave_dust":1,"minecraft:shield":1,"minecraft:gunpowder":5,"minecraft:spider_eye":1,"exdeorum:blackstone_pebble":20,"minecraft:dirt":15,"minecraft:string":11,"exdeorum:granite_pebble":16,"minecraft:bundle":1,"exdeorum:silk_worm":2,"minecraft:bone":3,"minecraft:arrow":5,"minecraft:rotten_flesh":1,"minecraft:apple":3,"exdeorum:diorite_pebble":16,"mysticalagriculture:inferium_essence":3,"exdeorum:stone_pebble":79,"minecraft:iron_helmet":1,"exdeorum:andesite_pebble":15,"forcecraft:claw":2,"minecraft:oak_sapling":49,"minecraft:egg":1,"minecraft:iron_boots":1},"minecraft:broken":{"exdeorum:crook":1},"minecraft:crafted":{"minecraft:oak_planks":13,"minecraft:cobblestone":19,"minecraft:crafting_table":1,"minecraft:chest":2,"minecraft:stone_axe":1,"connectedglass:borderless_glass":19,"minecraft:air":131,"exdeorum:crook":1},"minecraft:custom":{"minecraft:time_since_rest":47527,"minecraft:sprint_one_cm":25916,"minecraft:walk_one_cm":63503,"minecraft:mob_kills":28,"minecraft:use_wand":4826,"minecraft:damage_dealt":3601,"minecraft:interact_with_crafting_table":7,"minecraft:talked_to_villager":1,"minecraft:fly_one_cm":106287,"minecraft:open_barrel":1,"minecraft:open_chest":6,"minecraft:crouch_one_cm":1113,"minecraft:play_time":54307,"tombstone:undead_killed":5,"minecraft:sneak_time":1693,"minecraft:jump":27,"minecraft:damage_dealt_resisted":450,"minecraft:leave_game":2,"minecraft:time_since_death":54307,"minecraft:sleep_in_bed":1,"minecraft:total_world_time":54307,"minecraft:climb_one_cm":641}},"DataVersion":3465}