{"stats":{"minecraft:mined":{"exdeorum:infested_leaves":308,"minecraft:oak_log":86,"exdeorum:oak_sieve":9,"minecraft:oak_leaves":240},"minecraft:used":{"exdeorum:oak_sieve":18,"minecraft:chest":2,"exdeorum:crook":494,"elevatorid:elevator_white":3,"minecraft:dirt":6,"minecraft:crafting_table":2,"allthemodium:alloy_sword":30,"chipped:calcite_bricks":224,"exdeorum:silk_worm":5,"exdeorum:oak_barrel":2,"minecraft:grass_block":3656,"constructionwand:infinity_wand":82,"connectedglass:borderless_glass":1135,"minecraft:stone_axe":142,"torchmaster:feral_flare_lantern":18,"minecraft:oak_sapling":27,"minecraft:egg":1,"torchmaster:megatorch":1,"minecraft:cooked_beef":2},"minecraft:killed":{"minecraft:spider":7,"minecraft:bat":14,"minecraft:creeper":2,"minecraft:skeleton":5},"minecraft:picked_up":{"exdeorum:basalt_pebble":27,"minecraft:chicken":1,"minecraft:leather":2,"minecraft:lead":1,"minecraft:oak_log":144,"minecraft:shield":1,"minecraft:gunpowder":5,"exdeorum:blackstone_pebble":36,"minecraft:string":137,"minecraft:dirt":15,"exdeorum:granite_pebble":26,"minecraft:bone":3,"minecraft:apple":5,"mysticalagriculture:inferium_essence":3,"exdeorum:stone_pebble":140,"exdeorum:oak_sieve":9,"minecraft:iron_boots":1,"minecraft:egg":1,"minecraft:stick":28,"forbidden_arcanus:bat_wing":3,"exdeorum:deepslate_pebble":20,"tombstone:grave_dust":1,"minecraft:spider_eye":1,"exdeorum:silk_worm":6,"minecraft:bundle":1,"minecraft:arrow":5,"minecraft:rotten_flesh":1,"exdeorum:diorite_pebble":30,"minecraft:iron_helmet":1,"exdeorum:andesite_pebble":24,"forcecraft:claw":2,"minecraft:oak_sapling":60},"minecraft:broken":{"exdeorum:crook":3},"minecraft:crafted":{"minecraft:oak_slab":12,"minecraft:oak_planks":40,"exdeorum:oak_barrel":4,"minecraft:crafting_table":5,"minecraft:cobbled_deepslate":5,"minecraft:stone_axe":2,"connectedglass:borderless_glass":19,"minecraft:air":315,"exdeorum:crook":4,"minecraft:granite":6,"minecraft:basalt":6,"minecraft:cobblestone":35,"exdeorum:string_mesh":9,"minecraft:stick":3,"minecraft:blackstone":9,"minecraft:chest":2,"exdeorum:oak_sieve":9,"minecraft:andesite":6},"minecraft:custom":{"minecraft:mob_kills":28,"minecraft:interact_with_crafting_table":16,"minecraft:open_barrel":1,"minecraft:damage_dealt_resisted":450,"minecraft:leave_game":2,"minecraft:time_since_death":66307,"minecraft:sleep_in_bed":1,"minecraft:climb_one_cm":641,"minecraft:time_since_rest":59527,"minecraft:sprint_one_cm":31377,"minecraft:walk_one_cm":83656,"minecraft:use_wand":4826,"minecraft:damage_dealt":3601,"minecraft:talked_to_villager":1,"minecraft:fly_one_cm":109740,"minecraft:open_chest":8,"minecraft:crouch_one_cm":1173,"tombstone:undead_killed":5,"minecraft:play_time":66307,"minecraft:sneak_time":2354,"minecraft:jump":40,"minecraft:total_world_time":66307}},"DataVersion":3465}