{
  "minecraft:recipes/building_blocks/light_blue_stained_glass": {
    "criteria": {
      "has_glass": "2024-06-27 08:49:02 +0000"
    },
    "done": true
  },
  "rftoolsbuilder:recipes/rftoolsbuilder/green_shield_template_block": {
    "criteria": {
      "glass": "2024-06-27 08:49:02 +0000"
    },
    "done": true
  },
  "farmersdelight:recipes/food/fried_egg_from_campfire_cooking": {
    "criteria": {
      "fried_egg": "2024-06-27 08:45:45 +0000"
    },
    "done": true
  },
  "minecraft:recipes/decorations/crafting_table": {
    "criteria": {
      "unlock_right_away": "2024-06-27 08:39:20 +0000"
    },
    "done": true
  },
  "mcwfences:recipes/jungle": {
    "criteria": {
      "has_jungle": "2024-06-27 08:39:20 +0000"
    },
    "done": true
  },
  "minecraft:adventure/sleep_in_bed": {
    "criteria": {
      "slept_in_bed": "2024-06-27 08:44:54 +0000"
    },
    "done": true
  },
  "mekanism:root": {
    "criteria": {
      "automatic": "2024-06-27 08:39:19 +0000"
    },
    "done": true
  },
  "mcwfences:recipes/warped": {
    "criteria": {
      "has_warped": "2024-06-27 08:39:20 +0000"
    },
    "done": true
  },
  "minecraft:recipes/building_blocks/light_gray_stained_glass": {
    "criteria": {
      "has_glass": "2024-06-27 08:49:02 +0000"
    },
    "done": true
  },
  "ae2wtlib:recipes/wireless_universal_terminal/upgrade_crafting": {
    "criteria": {
      "has_wct": "2024-06-27 08:39:20 +0000"
    },
    "done": true
  },
  "connectedglass:recipes/misc/borderless_glass_red2": {
    "criteria": {
      "recipe_condition1": "2024-06-27 08:49:39 +0000"
    },
    "done": true
  },
  "bloodmagic:recipes/misc/sacrificial_dagger": {
    "criteria": {
      "has_glass": "2024-06-27 08:49:02 +0000"
    },
    "done": true
  },
  "mcwbridges:recipes/glass_bridge": {
    "criteria": {
      "has_planks": "2024-06-27 08:49:02 +0000"
    },
    "done": true
  },
  "rftoolsbuilder:recipes/rftoolsbuilder/blue_shield_template_block": {
    "criteria": {
      "glass": "2024-06-27 08:49:02 +0000"
    },
    "done": true
  },
  "mcwfences:recipes/birch": {
    "criteria": {
      "has_birch": "2024-06-27 08:39:20 +0000"
    },
    "done": true
  },
  "supplementaries:recipes/hourglass": {
    "criteria": {
      "has_glass": "2024-06-27 08:49:02 +0000"
    },
    "done": true
  },
  "mcwfences:recipes/stone": {
    "criteria": {
      "has_stone": "2024-06-27 08:39:20 +0000"
    },
    "done": true
  },
  "create:recipes/building_blocks/vertical_framed_glass_from_glass_colorless_stonecutting": {
    "criteria": {
      "has_glass_colorless": "2024-06-27 08:49:02 +0000"
    },
    "done": true
  },
  "minecraft:recipes/building_blocks/green_stained_glass": {
    "criteria": {
      "has_glass": "2024-06-27 08:49:02 +0000"
    },
    "done": true
  },
  "silentgear:root": {
    "criteria": {
      "get_item": "2024-06-27 08:49:13 +0000"
    },
    "done": true
  },
  "ae2wtlib:recipes/wireless_pattern_encoding_terminal": {
    "criteria": {
      "has_wt": "2024-06-27 08:39:20 +0000"
    },
    "done": true
  },
  "mcwfences:recipes/hedge": {
    "criteria": {
      "has_birch": "2024-06-27 08:39:20 +0000"
    },
    "done": true
  },
  "xnet:recipes/xnet/facade": {
    "criteria": {
      "glass": "2024-06-27 08:49:02 +0000"
    },
    "done": true
  },
  "minecraft:recipes/building_blocks/white_stained_glass": {
    "criteria": {
      "has_glass": "2024-06-27 08:49:02 +0000"
    },
    "done": true
  },
  "minecraft:recipes/brewing/glass_bottle": {
    "criteria": {
      "has_glass": "2024-06-27 08:49:02 +0000"
    },
    "done": true
  },
  "croptopia:recipes/misc/meringue": {
    "criteria": {
      "has_egg": "2024-06-27 08:45:45 +0000"
    },
    "done": true
  },
  "ironfurnaces:coal": {
    "criteria": {
      "rainbowcoal": "2024-06-27 08:39:20 +0000"
    },
    "done": true
  },
  "rftoolsbuilder:recipes/rftoolsbuilder/yellow_shield_template_block": {
    "criteria": {
      "glass": "2024-06-27 08:49:02 +0000"
    },
    "done": true
  },
  "minecraft:recipes/building_blocks/purple_stained_glass": {
    "criteria": {
      "has_glass": "2024-06-27 08:49:02 +0000"
    },
    "done": true
  },
  "mcwbridges:recipes/glass_bridge_pier": {
    "criteria": {
      "has_planks": "2024-06-27 08:49:02 +0000"
    },
    "done": true
  },
  "allthecompressed:recipes/building_blocks/compress/grass_block_1x": {
    "criteria": {
      "has_grass_block": "2024-06-27 08:52:42 +0000"
    },
    "done": true
  },
  "mcwfences:recipes/prismarine": {
    "criteria": {
      "has_qq": "2024-06-27 08:39:20 +0000"
    },
    "done": true
  },
  "minecraft:recipes/building_blocks/black_stained_glass": {
    "criteria": {
      "has_glass": "2024-06-27 08:49:02 +0000"
    },
    "done": true
  },
  "minecraft:recipes/building_blocks/gray_stained_glass": {
    "criteria": {
      "has_glass": "2024-06-27 08:49:02 +0000"
    },
    "done": true
  },
  "connectedglass:recipes/misc/borderless_glass_light_blue2": {
    "criteria": {
      "recipe_condition1": "2024-06-27 08:49:39 +0000"
    },
    "done": true
  },
  "mcwfences:recipes/mangrove": {
    "criteria": {
      "has_mangrove": "2024-06-27 08:39:20 +0000"
    },
    "done": true
  },
  "mcwbridges:recipes/glass_bridge_stair": {
    "criteria": {
      "has_planks": "2024-06-27 08:49:02 +0000"
    },
    "done": true
  },
  "xycraft_world:recipes/building_blocks/stonecutting/glass": {
    "criteria": {
      "has_for_glass": "2024-06-27 08:49:02 +0000"
    },
    "done": true
  },
  "ae2wtlib:recipes/wireless_universal_terminal/upgrade_pattern_encoding": {
    "criteria": {
      "has_wpt": "2024-06-27 08:39:20 +0000"
    },
    "done": true
  },
  "connectedglass:recipes/misc/borderless_glass_blue2": {
    "criteria": {
      "recipe_condition1": "2024-06-27 08:49:39 +0000"
    },
    "done": true
  },
  "forbidden_arcanus:recipes/building_blocks/deorum_glass": {
    "criteria": {
      "has_glass": "2024-06-27 08:49:02 +0000"
    },
    "done": true
  },
  "tombstone:adventure/root": {
    "criteria": {
      "auto": "2024-06-27 08:39:21 +0000"
    },
    "done": true
  },
  "xycraft_world:recipes/building_blocks/stonecutting/glass_viewer_silicon": {
    "criteria": {
      "has_for_glass_viewer_silicon": "2024-06-27 08:49:02 +0000"
    },
    "done": true
  },
  "alchemistry:recipes/dissolver/crafting_table": {
    "criteria": {
      "has_the_recipe": "2024-06-27 08:39:20 +0000"
    },
    "done": true
  },
  "forbidden_arcanus:recipes/decorations/deorum_lantern": {
    "criteria": {
      "has_torch": "2024-06-27 08:39:20 +0000"
    },
    "done": true
  },
  "connectedglass:recipes/misc/borderless_glass_gray2": {
    "criteria": {
      "recipe_condition1": "2024-06-27 08:49:39 +0000"
    },
    "done": true
  },
  "xycraft_machines:recipes/misc/shaped/fabricator": {
    "criteria": {
      "has_crafting_table": "2024-06-27 08:49:13 +0000"
    },
    "done": true
  },
  "forbidden_arcanus:recipes/building_blocks/runic_glass": {
    "criteria": {
      "has_glass": "2024-06-27 08:49:02 +0000"
    },
    "done": true
  },
  "minecraft:recipes/decorations/glass_pane": {
    "criteria": {
      "has_glass": "2024-06-27 08:49:02 +0000"
    },
    "done": true
  },
  "connectedglass:recipes/misc/borderless_glass_green2": {
    "criteria": {
      "recipe_condition1": "2024-06-27 08:49:39 +0000"
    },
    "done": true
  },
  "farmersdelight:recipes/cooking/fried_rice": {
    "criteria": {
      "has_any_ingredient": "2024-06-27 08:45:45 +0000"
    },
    "done": true
  },
  "mcwfences:recipes/deepslate": {
    "criteria": {
      "has_deepslate": "2024-06-27 08:39:20 +0000"
    },
    "done": true
  },
  "translocators:recipes/redstone/item_translocator": {
    "criteria": {
      "has_piston": "2024-06-27 08:39:20 +0000"
    },
    "done": true
  },
  "connectedglass:recipes/misc/borderless_glass_lime2": {
    "criteria": {
      "recipe_condition1": "2024-06-27 08:49:39 +0000"
    },
    "done": true
  },
  "farmersdelight:main/root": {
    "criteria": {
      "seeds": "2024-06-27 08:39:20 +0000"
    },
    "done": true
  },
  "mcwwindows:recipes/mosaic_glass": {
    "criteria": {
      "has_wood": "2024-06-27 08:49:02 +0000"
    },
    "done": true
  },
  "minecraft:recipes/building_blocks/yellow_stained_glass": {
    "criteria": {
      "has_glass": "2024-06-27 08:49:02 +0000"
    },
    "done": true
  },
  "connectedglass:recipes/misc/borderless_glass_brown2": {
    "criteria": {
      "recipe_condition1": "2024-06-27 08:49:39 +0000"
    },
    "done": true
  },
  "minecraft:adventure/adventuring_time": {
    "criteria": {
      "minecraft:plains": "2024-06-27 08:39:21 +0000"
    },
    "done": false
  },
  "supplementaries:recipes/jar": {
    "criteria": {
      "has_glass": "2024-06-27 08:49:02 +0000"
    },
    "done": true
  },
  "forbidden_arcanus:recipes/decorations/utrem_jar": {
    "criteria": {
      "has_glass/colorless": "2024-06-27 08:49:02 +0000"
    },
    "done": true
  },
  "minecraft:story/root": {
    "criteria": {
      "crafting_table": "2024-06-27 08:49:13 +0000"
    },
    "done": true
  },
  "farmersdelight:recipes/food/fried_egg": {
    "criteria": {
      "fried_egg": "2024-06-27 08:45:45 +0000"
    },
    "done": true
  },
  "mcwfences:recipes/dark_oak": {
    "criteria": {
      "has_dark_oak": "2024-06-27 08:39:20 +0000"
    },
    "done": true
  },
  "connectedglass:recipes/misc/borderless_glass_orange2": {
    "criteria": {
      "recipe_condition1": "2024-06-27 08:49:39 +0000"
    },
    "done": true
  },
  "mcwfences:recipes/crimson": {
    "criteria": {
      "has_crimson": "2024-06-27 08:39:20 +0000"
    },
    "done": true
  },
  "minecraft:recipes/building_blocks/orange_stained_glass": {
    "criteria": {
      "has_glass": "2024-06-27 08:49:02 +0000"
    },
    "done": true
  },
  "create:root": {
    "criteria": {
      "0": "2024-06-27 08:39:20 +0000"
    },
    "done": true
  },
  "ae2wtlib:recipes/wireless_universal_terminal/upgrade_pattern_access": {
    "criteria": {
      "has_wit": "2024-06-27 08:39:20 +0000"
    },
    "done": true
  },
  "create:recipes/building_blocks/horizontal_framed_glass_from_glass_colorless_stonecutting": {
    "criteria": {
      "has_glass_colorless": "2024-06-27 08:49:02 +0000"
    },
    "done": true
  },
  "connectedglass:recipes/misc/borderless_glass_white2": {
    "criteria": {
      "recipe_condition1": "2024-06-27 08:49:39 +0000"
    },
    "done": true
  },
  "farmersdelight:recipes/cooking/baked_cod_stew": {
    "criteria": {
      "has_any_ingredient": "2024-06-27 08:45:45 +0000"
    },
    "done": true
  },
  "minecraft:recipes/building_blocks/red_stained_glass": {
    "criteria": {
      "has_glass": "2024-06-27 08:49:02 +0000"
    },
    "done": true
  },
  "rftoolsbase:recipes/rftoolsbase/crafting_card": {
    "criteria": {
      "crafter": "2024-06-27 08:49:13 +0000"
    },
    "done": true
  },
  "create:recipes/building_blocks/framed_glass_from_glass_colorless_stonecutting": {
    "criteria": {
      "has_glass_colorless": "2024-06-27 08:49:02 +0000"
    },
    "done": true
  },
  "ae2wtlib:recipes/wireless_pattern_access_terminal": {
    "criteria": {
      "has_wt": "2024-06-27 08:39:20 +0000"
    },
    "done": true
  },
  "connectedglass:recipes/misc/borderless_glass_light_gray2": {
    "criteria": {
      "recipe_condition1": "2024-06-27 08:49:39 +0000"
    },
    "done": true
  },
  "mcwbridges:recipes/bridge_torch": {
    "criteria": {
      "has_planks": "2024-06-27 08:39:20 +0000"
    },
    "done": true
  },
  "minecraft:recipes/building_blocks/blue_stained_glass": {
    "criteria": {
      "has_glass": "2024-06-27 08:49:02 +0000"
    },
    "done": true
  },
  "mcwfences:recipes/sandstone": {
    "criteria": {
      "has_sand": "2024-06-27 08:39:20 +0000"
    },
    "done": true
  },
  "mcwfences:recipes/acacia": {
    "criteria": {
      "has_acacia": "2024-06-27 08:39:20 +0000"
    },
    "done": true
  },
  "connectedglass:recipes/misc/borderless_glass_yellow2": {
    "criteria": {
      "recipe_condition1": "2024-06-27 08:49:39 +0000"
    },
    "done": true
  },
  "mcwfences:recipes/oak": {
    "criteria": {
      "has_oak": "2024-06-27 08:39:20 +0000"
    },
    "done": true
  },
  "minecraft:recipes/building_blocks/lime_stained_glass": {
    "criteria": {
      "has_glass": "2024-06-27 08:49:02 +0000"
    },
    "done": true
  },
  "translocators:recipes/misc/diamond": {
    "criteria": {
      "has_diamond_nugget": "2024-06-27 08:39:20 +0000"
    },
    "done": true
  },
  "supplementaries:recipes/pancake_fd": {
    "criteria": {
      "forge:eggs": "2024-06-27 08:45:45 +0000"
    },
    "done": true
  },
  "connectedglass:recipes/misc/borderless_glass_purple2": {
    "criteria": {
      "recipe_condition1": "2024-06-27 08:49:39 +0000"
    },
    "done": true
  },
  "translocators:recipes/misc/diamond_nugget": {
    "criteria": {
      "has_diamond": "2024-06-27 08:39:20 +0000"
    },
    "done": true
  },
  "connectedglass:recipes/misc/borderless_glass_pink2": {
    "criteria": {
      "recipe_condition1": "2024-06-27 08:49:39 +0000"
    },
    "done": true
  },
  "croptopia:recipes/egg_roll": {
    "criteria": {
      "has_egg": "2024-06-27 08:45:45 +0000"
    },
    "done": true
  },
  "connectedglass:recipes/misc/borderless_glass1": {
    "criteria": {
      "recipe_condition": "2024-06-27 08:49:02 +0000"
    },
    "done": true
  },
  "ae2wtlib:recipes/magnet_card": {
    "criteria": {
      "has_wct": "2024-06-27 08:39:20 +0000"
    },
    "done": true
  },
  "connectedglass:recipes/misc/borderless_glass_black2": {
    "criteria": {
      "recipe_condition1": "2024-06-27 08:49:39 +0000"
    },
    "done": true
  },
  "mcwfences:recipes/quartz": {
    "criteria": {
      "has_qq": "2024-06-27 08:39:20 +0000"
    },
    "done": true
  },
  "create:recipes/misc/crafting/appliances/crafting_blueprint": {
    "criteria": {
      "has_item": "2024-06-27 08:49:13 +0000"
    },
    "done": true
  },
  "minecraft:recipes/building_blocks/pink_stained_glass": {
    "criteria": {
      "has_glass": "2024-06-27 08:49:02 +0000"
    },
    "done": true
  },
  "xycraft_world:recipes/building_blocks/stonecutting/glass_viewer_dire": {
    "criteria": {
      "has_for_glass_viewer_dire": "2024-06-27 08:49:02 +0000"
    },
    "done": true
  },
  "forbidden_arcanus:recipes/building_blocks/dark_runic_glass": {
    "criteria": {
      "has_glass": "2024-06-27 08:49:02 +0000"
    },
    "done": true
  },
  "croptopia:recipes/chilli_relleno": {
    "criteria": {
      "has_egg": "2024-06-27 08:45:45 +0000"
    },
    "done": true
  },
  "mcwfences:recipes/nether": {
    "criteria": {
      "has_nether_brick": "2024-06-27 08:39:20 +0000"
    },
    "done": true
  },
  "allthecompressed:recipes/building_blocks/compress/glass_1x": {
    "criteria": {
      "has_glass": "2024-06-27 08:49:02 +0000"
    },
    "done": true
  },
  "mcwfences:recipes/bamboo": {
    "criteria": {
      "has_bamboo": "2024-06-27 08:39:20 +0000"
    },
    "done": true
  },
  "ae2wtlib:recipes/wireless_universal_terminal/ce": {
    "criteria": {
      "has_wpt": "2024-06-27 08:39:20 +0000",
      "has_wct": "2024-06-27 08:39:20 +0000"
    },
    "done": true
  },
  "ae2wtlib:recipes/wireless_universal_terminal/ca": {
    "criteria": {
      "has_wit": "2024-06-27 08:39:20 +0000",
      "has_wct": "2024-06-27 08:39:20 +0000"
    },
    "done": true
  },
  "mcwfences:recipes/spruce": {
    "criteria": {
      "has_spruce": "2024-06-27 08:39:20 +0000"
    },
    "done": true
  },
  "ae2wtlib:recipes/wireless_universal_terminal/ae": {
    "criteria": {
      "has_wit": "2024-06-27 08:39:20 +0000",
      "has_wpt": "2024-06-27 08:39:20 +0000"
    },
    "done": true
  },
  "croptopia:recipes/scrambled_eggs": {
    "criteria": {
      "has_egg": "2024-06-27 08:45:45 +0000"
    },
    "done": true
  },
  "minecraft:recipes/building_blocks/cyan_stained_glass": {
    "criteria": {
      "has_glass": "2024-06-27 08:49:02 +0000"
    },
    "done": true
  },
  "rftoolsbuilder:recipes/rftoolsbuilder/red_shield_template_block": {
    "criteria": {
      "glass": "2024-06-27 08:49:02 +0000"
    },
    "done": true
  },
  "exdeorum:core/root": {
    "criteria": {
      "in_void_world": "2024-06-27 08:39:19 +0000"
    },
    "done": true
  },
  "ae2wtlib:recipes/quantum_bridge_card": {
    "criteria": {
      "has_wit": "2024-06-27 08:39:20 +0000",
      "has_wpt": "2024-06-27 08:39:20 +0000",
      "has_wct": "2024-06-27 08:39:20 +0000"
    },
    "done": true
  },
  "xycraft_world:recipes/building_blocks/stonecutting/glass_viewer": {
    "criteria": {
      "has_for_glass_viewer": "2024-06-27 08:49:02 +0000"
    },
    "done": true
  },
  "farmersdelight:recipes/food/fried_egg_from_smoking": {
    "criteria": {
      "fried_egg": "2024-06-27 08:45:45 +0000"
    },
    "done": true
  },
  "minecraft:recipes/food/cake": {
    "criteria": {
      "has_egg": "2024-06-27 08:45:45 +0000"
    },
    "done": true
  },
  "mcwfences:recipes/end": {
    "criteria": {
      "has_end_brick": "2024-06-27 08:39:20 +0000"
    },
    "done": true
  },
  "minecraft:recipes/building_blocks/brown_stained_glass": {
    "criteria": {
      "has_glass": "2024-06-27 08:49:02 +0000"
    },
    "done": true
  },
  "translocators:recipes/redstone/fluid_translocator": {
    "criteria": {
      "has_piston": "2024-06-27 08:39:20 +0000"
    },
    "done": true
  },
  "rftoolsbuilder:recipes/rftoolsbuilder/space_chamber_card": {
    "criteria": {
      "glass": "2024-06-27 08:49:02 +0000"
    },
    "done": true
  },
  "mcwfences:recipes/mud_brick": {
    "criteria": {
      "has_qq": "2024-06-27 08:39:20 +0000"
    },
    "done": true
  },
  "supplementaries:recipes/sconce": {
    "criteria": {
      "has_torch": "2024-06-27 08:39:20 +0000"
    },
    "done": true
  },
  "lootr:root": {
    "criteria": {
      "always_true": "2024-06-27 08:39:20 +0000"
    },
    "done": true
  },
  "mcwfences:recipes/blackstone": {
    "criteria": {
      "has_blackstone": "2024-06-27 08:39:20 +0000"
    },
    "done": true
  },
  "minecraft:recipes/building_blocks/magenta_stained_glass": {
    "criteria": {
      "has_glass": "2024-06-27 08:49:02 +0000"
    },
    "done": true
  },
  "energymeter:recipes/energymeter/meter": {
    "criteria": {
      "has_item": "2024-06-27 08:39:20 +0000"
    },
    "done": true
  },
  "connectedglass:recipes/misc/borderless_glass_magenta2": {
    "criteria": {
      "recipe_condition1": "2024-06-27 08:49:39 +0000"
    },
    "done": true
  },
  "connectedglass:recipes/misc/borderless_glass_pane3": {
    "criteria": {
      "recipe_condition": "2024-06-27 08:49:39 +0000"
    },
    "done": true
  },
  "connectedglass:recipes/misc/borderless_glass_cyan2": {
    "criteria": {
      "recipe_condition1": "2024-06-27 08:49:39 +0000"
    },
    "done": true
  },
  "occultism:occultism/root": {
    "criteria": {
      "occultism_present": "2024-06-27 08:39:20 +0000"
    },
    "done": true
  },
  "connectedglass:recipes/misc/clear_glass1": {
    "criteria": {
      "recipe_condition": "2024-06-27 08:49:39 +0000"
    },
    "done": true
  },
  "create:recipes/building_blocks/tiled_glass_from_glass_colorless_stonecutting": {
    "criteria": {
      "has_glass_colorless": "2024-06-27 08:49:02 +0000"
    },
    "done": true
  },
  "DataVersion": 3465
}